"ELEMENT_NATIONAL_ID","EcosystemID","IVC_SCIENTIFIC_NAME_FR","KBA_GROUP","EcosystemClassificationSystem","EcosystemLevelJustification","G_CONCEPT_SENTENCE_FR","ActiveEBAR","BIOME_NAME_FR","SUBBIOME_NAME_FR","FORMATION_NAME_FR","DIVISION_NAME_FR","IVC_MG_NAME_FR","IVC_GROUP_NAME_FR","IVC_FORMATTED_SCIENTIFIC_NAME_F","IVC_NAME_FR","WDKBAID","IUCN_CD","IUCN_AssessmentDate","IUCN_Criteria","Source"
1179225,17,,"Forests and Woodlands","International Vegetation Classification",,,1,,,,,,,,,,,,,"NatureServe"
1179902,288,,"Forests and Woodlands","International Vegetation Classification",,,1,,,,,,,,,,,,,"NatureServe"
1179906,289,,"Forests and Woodlands","International Vegetation Classification",,,1,,,,,,,,,,,,,"NatureServe"
900768,290,,"Forests and Woodlands","International Vegetation Classification",,,1,,,,,,,,,,,,,"NatureServe"
1179904,291,,"Forests and Woodlands","International Vegetation Classification",,,1,,,,,,,,,,,,,"NatureServe"
900689,292,,"Forests and Woodlands","International Vegetation Classification",,,1,,,,,,,,,,,,,"NatureServe"
1179231,15,,"Forests and Woodlands","International Vegetation Classification",,,1,,,,,,,,,,,,,"NatureServe"
1179900,284,,"Forests and Woodlands","International Vegetation Classification",,,1,,,,,,,,,,,,,"NatureServe"
1179908,285,,"Forests and Woodlands","International Vegetation Classification",,,1,,,,,,,,,,,,,"NatureServe"
884823,16,,"Forests and Woodlands","International Vegetation Classification",,,1,,,,,,,,,,,,,"NatureServe"
1179310,286,,"Forests and Woodlands","International Vegetation Classification",,,1,,,,,,,,,,,,,"NatureServe"
1179311,287,,"Forests and Woodlands","International Vegetation Classification",,,1,,,,,,,,,,,,,"NatureServe"
1232156,294,,"Forests and Woodlands","International Vegetation Classification",,,1,,,,,,,,,,,,,"NatureServe"
836773,61,,"Wetlands","International Vegetation Classification",,,1,,,,,,,,,,,,,"NatureServe"
902351,397,,"Wetlands","International Vegetation Classification",,,1,,,,,,,,,,,,,"NatureServe"
1179238,18,,"Forests and Woodlands","International Vegetation Classification",,,1,,,,,,,,,,,,,"NatureServe"
900789,293,,"Forests and Woodlands","International Vegetation Classification",,,1,,,,,,,,,,,,,"NatureServe"
1197573,295,,"Forests and Woodlands","International Vegetation Classification",,,1,,,,,,,,,,,,,"NatureServe"
1256098,296,,"Forests and Woodlands","International Vegetation Classification",,,1,,,,,,,,,,,,,"NatureServe"
1041569,94,,"Forests and Woodlands","International Vegetation Classification",,,1,,,,,,,,,,,,,"NatureServe"
1232288,483,,"Forests and Woodlands","International Vegetation Classification",,,1,,,,,,,,,,,,,"NatureServe"
1232290,484,,"Forests and Woodlands","International Vegetation Classification",,,1,,,,,,,,,,,,,"NatureServe"
1041498,45,,"Forests and Woodlands","International Vegetation Classification",,,1,,,,,,,,,,,,,"NatureServe"
1041503,360,,"Forests and Woodlands","International Vegetation Classification",,,1,,,,,,,,,,,,,"NatureServe"
1027672,361,,"Forests and Woodlands","International Vegetation Classification",,,1,,,,,,,,,,,,,"NatureServe"
1267599,215,,"Polar and Alpine","International Vegetation Classification",,,1,,,,,,,,,,,,,"NatureServe"
900820,793,,"Polar and Alpine","International Vegetation Classification",,,1,,,,,,,,,,,,,"NatureServe"
900818,794,,"Polar and Alpine","International Vegetation Classification",,,1,,,,,,,,,,,,,"NatureServe"
900816,797,,"Polar and Alpine","International Vegetation Classification",,,1,,,,,,,,,,,,,"NatureServe"
1041516,71,,"Wetlands","International Vegetation Classification",,,1,,,,,,,,,,,,,"NatureServe"
1027674,421,,"Wetlands","International Vegetation Classification",,,1,,,,,,,,,,,,,"NatureServe"
901276,422,,"Wetlands","International Vegetation Classification",,,1,,,,,,,,,,,,,"NatureServe"
1041528,72,,"Wetlands","International Vegetation Classification",,,1,,,,,,,,,,,,,"NatureServe"
1041536,423,,"Wetlands","International Vegetation Classification",,,1,,,,,,,,,,,,,"NatureServe"
901252,424,,"Wetlands","International Vegetation Classification",,,1,,,,,,,,,,,,,"NatureServe"
866604,98,,"Wetlands","International Vegetation Classification",,,1,,,,,,,,,,,,,"NatureServe"
1234998,494,,"Wetlands","International Vegetation Classification",,,1,,,,,,,,,,,,,"NatureServe"
884180,103,,"Wetlands","International Vegetation Classification",,,1,,,,,,,,,,,,,"NatureServe"
1041090,503,,"Wetlands","International Vegetation Classification",,,1,,,,,,,,,,,,,"NatureServe"
1041085,504,,"Wetlands","International Vegetation Classification",,,1,,,,,,,,,,,,,"NatureServe"
1041095,505,,"Wetlands","International Vegetation Classification",,,1,,,,,,,,,,,,,"NatureServe"
1041100,506,,"Wetlands","International Vegetation Classification",,,1,,,,,,,,,,,,,"NatureServe"
1041484,136,,"Grasslands and Shrublands","International Vegetation Classification",,,1,,,,,,,,,,,,,"NatureServe"
1041474,584,,"Grasslands and Shrublands","International Vegetation Classification",,,1,,,,,,,,,,,,,"NatureServe"
1041479,585,,"Grasslands and Shrublands","International Vegetation Classification",,,1,,,,,,,,,,,,,"NatureServe"
858485,5,,"Forests and Woodlands","International Vegetation Classification",,,1,,,,,,,,,,,,,"NatureServe"
900503,256,,"Forests and Woodlands","International Vegetation Classification",,,1,,,,,,,,,,,,,"NatureServe"
870257,257,,"Forests and Woodlands","International Vegetation Classification",,,1,,,,,,,,,,,,,"NatureServe"
1093886,172,,"Wetlands","International Vegetation Classification",,,1,,,,,,,,,,,,,"NatureServe"
901194,677,,"Wetlands","International Vegetation Classification",,,1,,,,,,,,,,,,,"NatureServe"
1171392,678,,"Wetlands","International Vegetation Classification",,,1,,,,,,,,,,,,,"NatureServe"
901177,679,,"Wetlands","International Vegetation Classification",,,1,,,,,,,,,,,,,"NatureServe"
884199,203,,"Wetlands","International Vegetation Classification",,,1,,,,,,,,,,,,,"NatureServe"
1232166,764,,"Wetlands","International Vegetation Classification",,,1,,,,,,,,,,,,,"NatureServe"
1232168,765,,"Wetlands","International Vegetation Classification",,,1,,,,,,,,,,,,,"NatureServe"
1232184,766,,"Wetlands","International Vegetation Classification",,,1,,,,,,,,,,,,,"NatureServe"
1043024,148,,"Marine","International Vegetation Classification",,,1,,,,,,,,,,,,,"NatureServe"
1042802,603,,"Marine","International Vegetation Classification",,,1,,,,,,,,,,,,,"NatureServe"
1042789,604,,"Marine","International Vegetation Classification",,,1,,,,,,,,,,,,,"NatureServe"
867425,149,,"Marine","International Vegetation Classification",,,1,,,,,,,,,,,,,"NatureServe"
1232162,605,,"Marine","International Vegetation Classification",,,1,,,,,,,,,,,,,"NatureServe"
1042022,223,,"Polar and Alpine","International Vegetation Classification",,,1,,,,,,,,,,,,,"NatureServe"
1042053,822,,"Polar and Alpine","International Vegetation Classification",,,1,,,,,,,,,,,,,"NatureServe"
1042084,823,,"Polar and Alpine","International Vegetation Classification",,,1,,,,,,,,,,,,,"NatureServe"
1042034,824,,"Polar and Alpine","International Vegetation Classification",,,1,,,,,,,,,,,,,"NatureServe"
1042074,825,,"Polar and Alpine","International Vegetation Classification",,,1,,,,,,,,,,,,,"NatureServe"
1042063,826,,"Polar and Alpine","International Vegetation Classification",,,1,,,,,,,,,,,,,"NatureServe"
1042094,827,,"Polar and Alpine","International Vegetation Classification",,,1,,,,,,,,,,,,,"NatureServe"
1042044,828,,"Polar and Alpine","International Vegetation Classification",,,1,,,,,,,,,,,,,"NatureServe"
884221,225,,"Polar and Alpine","International Vegetation Classification",,,1,,,,,,,,,,,,,"NatureServe"
1235007,834,,"Polar and Alpine","International Vegetation Classification",,,1,,,,,,,,,,,,,"NatureServe"
1042131,224,,"Polar and Alpine","International Vegetation Classification",,,1,,,,,,,,,,,,,"NatureServe"
1042155,829,,"Polar and Alpine","International Vegetation Classification",,,1,,,,,,,,,,,,,"NatureServe"
1042147,830,,"Polar and Alpine","International Vegetation Classification",,,1,,,,,,,,,,,,,"NatureServe"
1042169,831,,"Polar and Alpine","International Vegetation Classification",,,1,,,,,,,,,,,,,"NatureServe"
1042193,832,,"Polar and Alpine","International Vegetation Classification",,,1,,,,,,,,,,,,,"NatureServe"
1042184,833,,"Polar and Alpine","International Vegetation Classification",,,1,,,,,,,,,,,,,"NatureServe"
1043039,150,,"Marine","International Vegetation Classification",,,1,,,,,,,,,,,,,"NatureServe"
1042295,606,,"Marine","International Vegetation Classification",,,1,,,,,,,,,,,,,"NatureServe"
1042776,607,,"Marine","International Vegetation Classification",,,1,,,,,,,,,,,,,"NatureServe"
1041899,226,,"Polar and Alpine","International Vegetation Classification",,,1,,,,,,,,,,,,,"NatureServe"
1041907,835,,"Polar and Alpine","International Vegetation Classification",,,1,,,,,,,,,,,,,"NatureServe"
1041938,836,,"Polar and Alpine","International Vegetation Classification",,,1,,,,,,,,,,,,,"NatureServe"
1042103,222,,"Polar and Alpine","International Vegetation Classification",,,1,,,,,,,,,,,,,"NatureServe"
1042118,819,,"Polar and Alpine","International Vegetation Classification",,,1,,,,,,,,,,,,,"NatureServe"
1042128,820,,"Polar and Alpine","International Vegetation Classification",,,1,,,,,,,,,,,,,"NatureServe"
1042123,821,,"Polar and Alpine","International Vegetation Classification",,,1,,,,,,,,,,,,,"NatureServe"
1041903,227,,"Polar and Alpine","International Vegetation Classification",,,1,,,,,,,,,,,,,"NatureServe"
1041956,837,,"Polar and Alpine","International Vegetation Classification",,,1,,,,,,,,,,,,,"NatureServe"
1041967,838,,"Polar and Alpine","International Vegetation Classification",,,1,,,,,,,,,,,,,"NatureServe"
884304,162,,"Wetlands","International Vegetation Classification",,,1,,,,,,,,,,,,,"NatureServe"
907452,642,,"Wetlands","International Vegetation Classification",,,1,,,,,,,,,,,,,"NatureServe"
901510,643,,"Wetlands","International Vegetation Classification",,,1,,,,,,,,,,,,,"NatureServe"
948608,95,,"Wetlands","Canadian National Vegetation Classification",,,1,,,,,,,,,,,,,"NatureServe"
916783,485,,"Wetlands","International Vegetation Classification",,,1,,,,,,,,,,,,,"NatureServe"
916785,486,,"Wetlands","International Vegetation Classification",,,1,,,,,,,,,,,,,"NatureServe"
948764,76,,"Forests and Woodlands","Canadian National Vegetation Classification",,,1,,,,,,,,,,,,,"NatureServe"
1170309,432,,"Forests and Woodlands","International Vegetation Classification",,,1,,,,,,,,,,,,,"NatureServe"
948768,74,,"Forests and Woodlands","Canadian National Vegetation Classification",,,1,,,,,,,,,,,,,"NatureServe"
1170341,426,,"Forests and Woodlands","International Vegetation Classification",,,1,,,,,,,,,,,,,"NatureServe"
1170345,427,,"Forests and Woodlands","International Vegetation Classification",,,1,,,,,,,,,,,,,"NatureServe"
1170343,428,,"Forests and Woodlands","International Vegetation Classification",,,1,,,,,,,,,,,,,"NatureServe"
1170347,429,,"Forests and Woodlands","International Vegetation Classification",,,1,,,,,,,,,,,,,"NatureServe"
948772,75,,"Forests and Woodlands","Canadian National Vegetation Classification",,,1,,,,,,,,,,,,,"NatureServe"
1170349,430,,"Forests and Woodlands","International Vegetation Classification",,,1,,,,,,,,,,,,,"NatureServe"
1170351,431,,"Forests and Woodlands","International Vegetation Classification",,,1,,,,,,,,,,,,,"NatureServe"
878398,73,,"Forests and Woodlands","Canadian National Vegetation Classification",,,1,,,,,,,,,,,,,"NatureServe"
1170323,425,,"Forests and Woodlands","International Vegetation Classification",,,1,,,,,,,,,,,,,"NatureServe"
948718,100,,"Wetlands","Canadian National Vegetation Classification",,,1,,,,,,,,,,,,,"NatureServe"
1170319,495,,"Wetlands","International Vegetation Classification",,,1,,,,,,,,,,,,,"NatureServe"
892915,114,,"Grasslands and Shrublands","International Vegetation Classification","The Boreal-Transition Alvar is a non-forested to sparsely treed (<60% tree cover) ecosystem type. Canadian ecosystem experts reached consensus that the International Vegetation Classification (IVC) Group level is ideal for KBAs based on non-forest ecosystem types. The Group level corresponds to Level 5 (global ecosystem types) in the IUCN Global Ecosystem Typology, which is appropriate for global ecosystem KBAs according to the KBA Standard and Guidelines.",,1,,,,,,,,,,,,,"NatureServe"
1235189,539,,"Grasslands and Shrublands","International Vegetation Classification",,,1,,,,,,,,,,,,,"NatureServe"
1235183,540,,"Grasslands and Shrublands","International Vegetation Classification",,,1,,,,,,,,,,,,,"NatureServe"
1235187,541,,"Grasslands and Shrublands","International Vegetation Classification",,,1,,,,,,,,,,,,,"NatureServe"
1235185,542,,"Grasslands and Shrublands","International Vegetation Classification",,,1,,,,,,,,,,,,,"NatureServe"
833461,47,,"Forests and Woodlands","International Vegetation Classification",,,1,,,,,,,,,,,,,"NatureServe"
934113,363,,"Forests and Woodlands","International Vegetation Classification",,,1,,,,,,,,,,,,,"NatureServe"
900808,364,,"Forests and Woodlands","International Vegetation Classification",,,1,,,,,,,,,,,,,"NatureServe"
866593,89,,"Forests and Woodlands","International Vegetation Classification",,,1,,,,,,,,,,,,,"NatureServe"
1041059,469,,"Forests and Woodlands","International Vegetation Classification",,,1,,,,,,,,,,,,,"NatureServe"
1041054,470,,"Forests and Woodlands","International Vegetation Classification",,,1,,,,,,,,,,,,,"NatureServe"
1041049,471,,"Forests and Woodlands","International Vegetation Classification",,,1,,,,,,,,,,,,,"NatureServe"
1104003,55,,"Wetlands","International Vegetation Classification",,,1,,,,,,,,,,,,,"NatureServe"
1197587,382,,"Wetlands","International Vegetation Classification",,,1,,,,,,,,,,,,,"NatureServe"
900928,383,,"Wetlands","International Vegetation Classification",,,1,,,,,,,,,,,,,"NatureServe"
948531,154,,"Wetlands","International Vegetation Classification",,,1,,,,,,,,,,,,,"NatureServe"
1197767,622,,"Wetlands","International Vegetation Classification",,,1,,,,,,,,,,,,,"NatureServe"
1198129,56,,"Wetlands","International Vegetation Classification",,,1,,,,,,,,,,,,,"NatureServe"
1197610,384,,"Wetlands","International Vegetation Classification",,,1,,,,,,,,,,,,,"NatureServe"
888736,2,,"Forests and Woodlands","International Vegetation Classification",,,1,,,,,,,,,,,,,"NatureServe"
934110,248,,"Forests and Woodlands","International Vegetation Classification",,,1,,,,,,,,,,,,,"NatureServe"
933708,249,,"Forests and Woodlands","International Vegetation Classification",,,1,,,,,,,,,,,,,"NatureServe"
934112,250,,"Forests and Woodlands","International Vegetation Classification",,,1,,,,,,,,,,,,,"NatureServe"
934111,251,,"Forests and Woodlands","International Vegetation Classification",,,1,,,,,,,,,,,,,"NatureServe"
877334,3,,"Forests and Woodlands","International Vegetation Classification",,,1,,,,,,,,,,,,,"NatureServe"
1197537,252,,"Forests and Woodlands","International Vegetation Classification",,,1,,,,,,,,,,,,,"NatureServe"
1197656,253,,"Forests and Woodlands","International Vegetation Classification",,,1,,,,,,,,,,,,,"NatureServe"
1197418,254,,"Forests and Woodlands","International Vegetation Classification",,,1,,,,,,,,,,,,,"NatureServe"
1179547,4,,"Forests and Woodlands","International Vegetation Classification",,,1,,,,,,,,,,,,,"NatureServe"
1089381,255,,"Forests and Woodlands","International Vegetation Classification",,,1,,,,,,,,,,,,,"NatureServe"
872708,83,,"Forests and Woodlands","Canadian National Vegetation Classification",,,1,,,,,,,,,,,,,"NatureServe"
1170381,452,,"Forests and Woodlands","International Vegetation Classification",,,1,,,,,,,,,,,,,"NatureServe"
872717,82,,"Forests and Woodlands","Canadian National Vegetation Classification",,,1,,,,,,,,,,,,,"NatureServe"
1170377,450,,"Forests and Woodlands","International Vegetation Classification",,,1,,,,,,,,,,,,,"NatureServe"
1170379,451,,"Forests and Woodlands","International Vegetation Classification",,,1,,,,,,,,,,,,,"NatureServe"
872726,81,,"Forests and Woodlands","Canadian National Vegetation Classification",,,1,,,,,,,,,,,,,"NatureServe"
1229789,444,,"Forests and Woodlands","International Vegetation Classification",,,1,,,,,,,,,,,,,"NatureServe"
1170371,445,,"Forests and Woodlands","International Vegetation Classification",,,1,,,,,,,,,,,,,"NatureServe"
1229783,446,,"Forests and Woodlands","International Vegetation Classification",,,1,,,,,,,,,,,,,"NatureServe"
1170385,447,,"Forests and Woodlands","International Vegetation Classification",,,1,,,,,,,,,,,,,"NatureServe"
1170373,448,,"Forests and Woodlands","International Vegetation Classification",,,1,,,,,,,,,,,,,"NatureServe"
1170375,449,,"Forests and Woodlands","International Vegetation Classification",,,1,,,,,,,,,,,,,"NatureServe"
898094,387,,"Wetlands","International Vegetation Classification",,,1,,,,,,,,,,,,,"NatureServe"
1171254,388,,"Wetlands","International Vegetation Classification",,,1,,,,,,,,,,,,,"NatureServe"
1197740,389,,"Wetlands","International Vegetation Classification",,,1,,,,,,,,,,,,,"NatureServe"
1198110,57,,"Wetlands","International Vegetation Classification",,,1,,,,,,,,,,,,,"NatureServe"
884177,53,,"Wetlands","International Vegetation Classification",,,1,,,,,,,,,,,,,"NatureServe"
1197724,373,,"Wetlands","International Vegetation Classification",,,1,,,,,,,,,,,,,"NatureServe"
901228,374,,"Wetlands","International Vegetation Classification",,,1,,,,,,,,,,,,,"NatureServe"
934126,375,,"Wetlands","International Vegetation Classification",,,1,,,,,,,,,,,,,"NatureServe"
1198303,376,,"Wetlands","International Vegetation Classification",,,1,,,,,,,,,,,,,"NatureServe"
900919,377,,"Wetlands","International Vegetation Classification",,,1,,,,,,,,,,,,,"NatureServe"
934133,385,,"Wetlands","International Vegetation Classification",,,1,,,,,,,,,,,,,"NatureServe"
1197430,386,,"Wetlands","International Vegetation Classification",,,1,,,,,,,,,,,,,"NatureServe"
959109,237,,"Grasslands and Shrublands","International Vegetation Classification",,,1,,,,,,,,,,,,,"NatureServe"
934138,873,,"Grasslands and Shrublands","International Vegetation Classification",,,1,,,,,,,,,,,,,"NatureServe"
959783,874,,"Grasslands and Shrublands","International Vegetation Classification",,,1,,,,,,,,,,,,,"NatureServe"
1089411,875,,"Grasslands and Shrublands","International Vegetation Classification",,,1,,,,,,,,,,,,,"NatureServe"
884295,26,,"Forests and Woodlands","International Vegetation Classification",,,1,,,,,,,,,,,,,"NatureServe"
934115,314,,"Forests and Woodlands","International Vegetation Classification",,,1,,,,,,,,,,,,,"NatureServe"
934116,315,,"Forests and Woodlands","International Vegetation Classification",,,1,,,,,,,,,,,,,"NatureServe"
836648,25,,"Forests and Woodlands","International Vegetation Classification",,,1,,,,,,,,,,,,,"NatureServe"
1268720,310,,"Forests and Woodlands","International Vegetation Classification",,,1,,,,,,,,,,,,,"NatureServe"
1268718,311,,"Forests and Woodlands","International Vegetation Classification",,,1,,,,,,,,,,,,,"NatureServe"
900903,312,,"Forests and Woodlands","International Vegetation Classification",,,1,,,,,,,,,,,,,"NatureServe"
900899,313,,"Forests and Woodlands","International Vegetation Classification",,,1,,,,,,,,,,,,,"NatureServe"
836915,119,,"Grasslands and Shrublands","International Vegetation Classification",,,1,,,,,,,,,,,,,"NatureServe"
905186,553,,"Grasslands and Shrublands","International Vegetation Classification",,,1,,,,,,,,,,,,,"NatureServe"
905749,554,,"Grasslands and Shrublands","International Vegetation Classification",,,1,,,,,,,,,,,,,"NatureServe"
901645,555,,"Grasslands and Shrublands","International Vegetation Classification",,,1,,,,,,,,,,,,,"NatureServe"
934136,556,,"Grasslands and Shrublands","International Vegetation Classification",,,1,,,,,,,,,,,,,"NatureServe"
1268712,557,,"Grasslands and Shrublands","International Vegetation Classification",,,1,,,,,,,,,,,,,"NatureServe"
901643,558,,"Grasslands and Shrublands","International Vegetation Classification",,,1,,,,,,,,,,,,,"NatureServe"
932910,66,,"Wetlands","International Vegetation Classification",,,1,,,,,,,,,,,,,"NatureServe"
1268704,411,,"Wetlands","International Vegetation Classification",,,1,,,,,,,,,,,,,"NatureServe"
900157,412,,"Wetlands","International Vegetation Classification",,,1,,,,,,,,,,,,,"NatureServe"
835743,28,,"Forests and Woodlands","International Vegetation Classification",,,1,,,,,,,,,,,,,"NatureServe"
901126,319,,"Forests and Woodlands","International Vegetation Classification",,,1,,,,,,,,,,,,,"NatureServe"
836902,118,,"Grasslands and Shrublands","International Vegetation Classification",,,1,,,,,,,,,,,,,"NatureServe"
905759,549,,"Grasslands and Shrublands","International Vegetation Classification",,,1,,,,,,,,,,,,,"NatureServe"
1230782,550,,"Grasslands and Shrublands","International Vegetation Classification",,,1,,,,,,,,,,,,,"NatureServe"
905189,551,,"Grasslands and Shrublands","International Vegetation Classification",,,1,,,,,,,,,,,,,"NatureServe"
905785,552,,"Grasslands and Shrublands","International Vegetation Classification",,,1,,,,,,,,,,,,,"NatureServe"
836567,24,,"Forests and Woodlands","International Vegetation Classification",,,1,,,,,,,,,,,,,"NatureServe"
1225602,308,,"Forests and Woodlands","International Vegetation Classification",,,1,,,,,,,,,,,,,"NatureServe"
1225603,309,,"Forests and Woodlands","International Vegetation Classification",,,1,,,,,,,,,,,,,"NatureServe"
835812,33,,"Forests and Woodlands","International Vegetation Classification",,,1,,,,,,,,,,,,,"NatureServe"
900191,331,,"Forests and Woodlands","International Vegetation Classification",,,1,,,,,,,,,,,,,"NatureServe"
900866,332,,"Forests and Woodlands","International Vegetation Classification",,,1,,,,,,,,,,,,,"NatureServe"
1268716,333,,"Forests and Woodlands","International Vegetation Classification",,,1,,,,,,,,,,,,,"NatureServe"
836673,22,,"Forests and Woodlands","International Vegetation Classification",,,1,,,,,,,,,,,,,"NatureServe"
1268603,303,,"Forests and Woodlands","International Vegetation Classification",,,1,,,,,,,,,,,,,"NatureServe"
1268601,304,,"Forests and Woodlands","International Vegetation Classification",,,1,,,,,,,,,,,,,"NatureServe"
901111,305,,"Forests and Woodlands","International Vegetation Classification",,,1,,,,,,,,,,,,,"NatureServe"
901113,306,,"Forests and Woodlands","International Vegetation Classification",,,1,,,,,,,,,,,,,"NatureServe"
836555,21,,"Forests and Woodlands","International Vegetation Classification",,,1,,,,,,,,,,,,,"NatureServe"
900857,301,,"Forests and Woodlands","International Vegetation Classification",,,1,,,,,,,,,,,,,"NatureServe"
900153,302,,"Forests and Woodlands","International Vegetation Classification",,,1,,,,,,,,,,,,,"NatureServe"
836945,117,,"Grasslands and Shrublands","International Vegetation Classification",,,1,,,,,,,,,,,,,"NatureServe"
905760,547,,"Grasslands and Shrublands","International Vegetation Classification",,,1,,,,,,,,,,,,,"NatureServe"
905761,548,,"Grasslands and Shrublands","International Vegetation Classification",,,1,,,,,,,,,,,,,"NatureServe"
837857,120,,"Grasslands and Shrublands","International Vegetation Classification",,,1,,,,,,,,,,,,,"NatureServe"
905750,559,,"Grasslands and Shrublands","International Vegetation Classification",,,1,,,,,,,,,,,,,"NatureServe"
1230783,560,,"Grasslands and Shrublands","International Vegetation Classification",,,1,,,,,,,,,,,,,"NatureServe"
901621,561,,"Grasslands and Shrublands","International Vegetation Classification",,,1,,,,,,,,,,,,,"NatureServe"
901619,562,,"Grasslands and Shrublands","International Vegetation Classification",,,1,,,,,,,,,,,,,"NatureServe"
897993,104,,"Grasslands and Shrublands","International Vegetation Classification",,,1,,,,,,,,,,,,,"NatureServe"
901748,507,,"Grasslands and Shrublands","International Vegetation Classification",,,1,,,,,,,,,,,,,"NatureServe"
901750,508,,"Grasslands and Shrublands","International Vegetation Classification",,,1,,,,,,,,,,,,,"NatureServe"
901737,509,,"Grasslands and Shrublands","International Vegetation Classification",,,1,,,,,,,,,,,,,"NatureServe"
1235181,35,,"Forests and Woodlands","International Vegetation Classification",,,1,,,,,,,,,,,,,"NatureServe"
1235195,335,,"Forests and Woodlands","International Vegetation Classification",,,1,,,,,,,,,,,,,"NatureServe"
1235177,37,,"Forests and Woodlands","International Vegetation Classification",,,1,,,,,,,,,,,,,"NatureServe"
1235191,337,,"Forests and Woodlands","International Vegetation Classification",,,1,,,,,,,,,,,,,"NatureServe"
861676,87,,"Forests and Woodlands","Canadian National Vegetation Classification",,,1,,,,,,,,,,,,,"NatureServe"
1170369,464,,"Forests and Woodlands","International Vegetation Classification",,,1,,,,,,,,,,,,,"NatureServe"
1229785,465,,"Forests and Woodlands","International Vegetation Classification",,,1,,,,,,,,,,,,,"NatureServe"
948751,86,,"Forests and Woodlands","Canadian National Vegetation Classification",,,1,,,,,,,,,,,,,"NatureServe"
1170333,460,,"Forests and Woodlands","International Vegetation Classification",,,1,,,,,,,,,,,,,"NatureServe"
1170355,461,,"Forests and Woodlands","International Vegetation Classification",,,1,,,,,,,,,,,,,"NatureServe"
1170359,462,,"Forests and Woodlands","International Vegetation Classification",,,1,,,,,,,,,,,,,"NatureServe"
1170363,463,,"Forests and Woodlands","International Vegetation Classification",,,1,,,,,,,,,,,,,"NatureServe"
948749,85,,"Forests and Woodlands","Canadian National Vegetation Classification",,,1,,,,,,,,,,,,,"NatureServe"
1170365,457,,"Forests and Woodlands","International Vegetation Classification",,,1,,,,,,,,,,,,,"NatureServe"
1170367,458,,"Forests and Woodlands","International Vegetation Classification",,,1,,,,,,,,,,,,,"NatureServe"
1229781,459,,"Forests and Woodlands","International Vegetation Classification",,,1,,,,,,,,,,,,,"NatureServe"
948782,84,,"Forests and Woodlands","Canadian National Vegetation Classification",,,1,,,,,,,,,,,,,"NatureServe"
1170301,453,,"Forests and Woodlands","International Vegetation Classification",,,1,,,,,,,,,,,,,"NatureServe"
1170297,454,,"Forests and Woodlands","International Vegetation Classification",,,1,,,,,,,,,,,,,"NatureServe"
1170317,455,,"Forests and Woodlands","International Vegetation Classification",,,1,,,,,,,,,,,,,"NatureServe"
1170307,456,,"Forests and Woodlands","International Vegetation Classification",,,1,,,,,,,,,,,,,"NatureServe"
884175,23,,"Forests and Woodlands","International Vegetation Classification",,,1,,,,,,,,,,,,,"NatureServe"
934119,307,,"Forests and Woodlands","International Vegetation Classification",,,1,,,,,,,,,,,,,"NatureServe"
1198020,209,,"Polar and Alpine","International Vegetation Classification",,,1,,,,,,,,,,,,,"NatureServe"
958989,246,,"Grasslands and Shrublands","International Vegetation Classification",,,1,,,,,,,,,,,,,"NatureServe"
959832,891,,"Grasslands and Shrublands","International Vegetation Classification",,,1,,,,,,,,,,,,,"NatureServe"
959796,892,,"Grasslands and Shrublands","International Vegetation Classification",,,1,,,,,,,,,,,,,"NatureServe"
959844,893,,"Grasslands and Shrublands","International Vegetation Classification",,,1,,,,,,,,,,,,,"NatureServe"
959776,894,,"Grasslands and Shrublands","International Vegetation Classification",,,1,,,,,,,,,,,,,"NatureServe"
952987,127,,"Grasslands and Shrublands","International Vegetation Classification",,,1,,,,,,,,,,,,,"NatureServe"
872695,92,,"Forests and Woodlands","International Vegetation Classification",,,1,,,,,,,,,,,,,"NatureServe"
1232170,480,,"Forests and Woodlands","International Vegetation Classification",,,1,,,,,,,,,,,,,"NatureServe"
1232158,481,,"Forests and Woodlands","International Vegetation Classification",,,1,,,,,,,,,,,,,"NatureServe"
893253,189,,"Wetlands","International Vegetation Classification",,,1,,,,,,,,,,,,,"NatureServe"
1268698,729,,"Wetlands","International Vegetation Classification",,,1,,,,,,,,,,,,,"NatureServe"
1268700,730,,"Wetlands","International Vegetation Classification",,,1,,,,,,,,,,,,,"NatureServe"
948487,156,,"Wetlands","International Vegetation Classification",,,1,,,,,,,,,,,,,"NatureServe"
1197561,624,,"Wetlands","International Vegetation Classification",,,1,,,,,,,,,,,,,"NatureServe"
1197484,625,,"Wetlands","International Vegetation Classification",,,1,,,,,,,,,,,,,"NatureServe"
1202422,626,,"Wetlands","International Vegetation Classification",,,1,,,,,,,,,,,,,"NatureServe"
1197472,627,,"Wetlands","International Vegetation Classification",,,1,,,,,,,,,,,,,"NatureServe"
1179667,151,,"Wetlands","International Vegetation Classification",,,1,,,,,,,,,,,,,"NatureServe"
1197437,608,,"Wetlands","International Vegetation Classification",,,1,,,,,,,,,,,,,"NatureServe"
1197456,609,,"Wetlands","International Vegetation Classification",,,1,,,,,,,,,,,,,"NatureServe"
901020,610,,"Wetlands","International Vegetation Classification",,,1,,,,,,,,,,,,,"NatureServe"
901421,611,,"Wetlands","International Vegetation Classification",,,1,,,,,,,,,,,,,"NatureServe"
900979,612,,"Wetlands","International Vegetation Classification",,,1,,,,,,,,,,,,,"NatureServe"
900262,613,,"Wetlands","International Vegetation Classification",,,1,,,,,,,,,,,,,"NatureServe"
833874,20,,"Forests and Woodlands","International Vegetation Classification",,,1,,,,,,,,,,,,,"NatureServe"
902367,300,,"Forests and Woodlands","International Vegetation Classification",,,1,,,,,,,,,,,,,"NatureServe"
837273,233,,"Wetlands","International Vegetation Classification",,,1,,,,,,,,,,,,,"NatureServe"
934903,847,,"Wetlands","International Vegetation Classification",,,1,,,,,,,,,,,,,"NatureServe"
901047,848,,"Wetlands","International Vegetation Classification",,,1,,,,,,,,,,,,,"NatureServe"
901758,849,,"Wetlands","International Vegetation Classification",,,1,,,,,,,,,,,,,"NatureServe"
900421,850,,"Wetlands","International Vegetation Classification",,,1,,,,,,,,,,,,,"NatureServe"
901761,851,,"Wetlands","International Vegetation Classification",,,1,,,,,,,,,,,,,"NatureServe"
901763,852,,"Wetlands","International Vegetation Classification",,,1,,,,,,,,,,,,,"NatureServe"
901766,853,,"Wetlands","International Vegetation Classification",,,1,,,,,,,,,,,,,"NatureServe"
837181,175,,"Wetlands","International Vegetation Classification",,,1,,,,,,,,,,,,,"NatureServe"
901174,690,,"Wetlands","International Vegetation Classification",,,1,,,,,,,,,,,,,"NatureServe"
901166,691,,"Wetlands","International Vegetation Classification",,,1,,,,,,,,,,,,,"NatureServe"
871242,692,,"Wetlands","International Vegetation Classification",,,1,,,,,,,,,,,,,"NatureServe"
900365,693,,"Wetlands","International Vegetation Classification",,,1,,,,,,,,,,,,,"NatureServe"
944251,176,,"Wetlands","International Vegetation Classification",,,1,,,,,,,,,,,,,"NatureServe"
934104,694,,"Wetlands","International Vegetation Classification",,,1,,,,,,,,,,,,,"NatureServe"
858055,140,,"Wetlands","International Vegetation Classification",,,1,,,,,,,,,,,,,"NatureServe"
932467,590,,"Wetlands","International Vegetation Classification",,,1,,,,,,,,,,,,,"NatureServe"
955172,591,,"Wetlands","International Vegetation Classification",,,1,,,,,,,,,,,,,"NatureServe"
833871,19,,"Forests and Woodlands","International Vegetation Classification",,,1,,,,,,,,,,,,,"NatureServe"
902368,297,,"Forests and Woodlands","International Vegetation Classification",,,1,,,,,,,,,,,,,"NatureServe"
900670,298,,"Forests and Woodlands","International Vegetation Classification",,,1,,,,,,,,,,,,,"NatureServe"
934108,299,,"Forests and Woodlands","International Vegetation Classification",,,1,,,,,,,,,,,,,"NatureServe"
1279794,180,,"Wetlands","International Vegetation Classification",,,1,,,,,,,,,,,,,"NatureServe"
901151,703,,"Wetlands","International Vegetation Classification",,,1,,,,,,,,,,,,,"NatureServe"
1279817,178,,"Wetlands","International Vegetation Classification",,,1,,,,,,,,,,,,,"NatureServe"
1178373,698,,"Wetlands","International Vegetation Classification",,,1,,,,,,,,,,,,,"NatureServe"
934121,699,,"Wetlands","International Vegetation Classification",,,1,,,,,,,,,,,,,"NatureServe"
900248,700,,"Wetlands","International Vegetation Classification",,,1,,,,,,,,,,,,,"NatureServe"
860980,236,,"Wetlands","International Vegetation Classification",,,1,,,,,,,,,,,,,"NatureServe"
959623,871,,"Wetlands","International Vegetation Classification",,,1,,,,,,,,,,,,,"NatureServe"
959599,872,,"Wetlands","International Vegetation Classification",,,1,,,,,,,,,,,,,"NatureServe"
857651,63,,"Wetlands","International Vegetation Classification",,,1,,,,,,,,,,,,,"NatureServe"
907225,400,,"Wetlands","International Vegetation Classification",,,1,,,,,,,,,,,,,"NatureServe"
839450,116,,,"International Vegetation Classification",,,1,,,,,,,,,,,,,"NatureServe"
900289,544,,,"International Vegetation Classification",,,1,,,,,,,,,,,,,"NatureServe"
901568,545,,,"International Vegetation Classification",,,1,,,,,,,,,,,,,"NatureServe"
901570,546,,,"International Vegetation Classification",,,1,,,,,,,,,,,,,"NatureServe"
888739,179,,"Wetlands","International Vegetation Classification",,,1,,,,,,,,,,,,,"NatureServe"
901209,701,,"Wetlands","International Vegetation Classification",,,1,,,,,,,,,,,,,"NatureServe"
900438,702,,"Wetlands","International Vegetation Classification",,,1,,,,,,,,,,,,,"NatureServe"
857143,185,,"Wetlands","International Vegetation Classification",,,1,,,,,,,,,,,,,"NatureServe"
900346,718,,"Wetlands","International Vegetation Classification",,,1,,,,,,,,,,,,,"NatureServe"
900362,719,,"Wetlands","International Vegetation Classification",,,1,,,,,,,,,,,,,"NatureServe"
1226800,67,,"Wetlands","International Vegetation Classification",,,1,,,,,,,,,,,,,"NatureServe"
869718,207,,"Deserts and Semi-Deserts","International Vegetation Classification",,,1,,,,,,,,,,,,,"NatureServe"
900425,771,,"Deserts and Semi-Deserts","International Vegetation Classification",,,1,,,,,,,,,,,,,"NatureServe"
900715,772,,"Deserts and Semi-Deserts","International Vegetation Classification",,,1,,,,,,,,,,,,,"NatureServe"
900719,773,,"Deserts and Semi-Deserts","International Vegetation Classification",,,1,,,,,,,,,,,,,"NatureServe"
833702,113,,"Grasslands and Shrublands","International Vegetation Classification",,,1,,,,,,,,,,,,,"NatureServe"
900497,537,,"Grasslands and Shrublands","International Vegetation Classification",,,1,,,,,,,,,,,,,"NatureServe"
900499,538,,"Grasslands and Shrublands","International Vegetation Classification",,,1,,,,,,,,,,,,,"NatureServe"
932477,138,,"Marine","International Vegetation Classification",,,1,,,,,,,,,,,,,"NatureServe"
901205,587,,"Marine","International Vegetation Classification",,,1,,,,,,,,,,,,,"NatureServe"
901207,588,,"Marine","International Vegetation Classification",,,1,,,,,,,,,,,,,"NatureServe"
837088,144,,"Wetlands","International Vegetation Classification",,,1,,,,,,,,,,,,,"NatureServe"
901242,597,,"Wetlands","International Vegetation Classification",,,1,,,,,,,,,,,,,"NatureServe"
900379,598,,"Wetlands","International Vegetation Classification",,,1,,,,,,,,,,,,,"NatureServe"
889718,139,,"Wetlands","International Vegetation Classification",,,1,,,,,,,,,,,,,"NatureServe"
901672,589,,"Wetlands","International Vegetation Classification",,,1,,,,,,,,,,,,,"NatureServe"
857189,241,,"Grasslands and Shrublands","International Vegetation Classification",,,1,,,,,,,,,,,,,"NatureServe"
900436,882,,"Grasslands and Shrublands","International Vegetation Classification",,,1,,,,,,,,,,,,,"NatureServe"
901632,883,,"Grasslands and Shrublands","International Vegetation Classification",,,1,,,,,,,,,,,,,"NatureServe"
884301,50,,"Forests and Woodlands","International Vegetation Classification",,,1,,,,,,,,,,,,,"NatureServe"
900383,366,,"Forests and Woodlands","International Vegetation Classification",,,1,,,,,,,,,,,,,"NatureServe"
857192,240,,"Grasslands and Shrublands","International Vegetation Classification",,,1,,,,,,,,,,,,,"NatureServe"
901636,881,,"Grasslands and Shrublands","International Vegetation Classification",,,1,,,,,,,,,,,,,"NatureServe"
856757,62,,"Wetlands","International Vegetation Classification",,,1,,,,,,,,,,,,,"NatureServe"
934753,398,,"Wetlands","International Vegetation Classification",,,1,,,,,,,,,,,,,"NatureServe"
1269145,399,,"Wetlands","International Vegetation Classification",,,1,,,,,,,,,,,,,"NatureServe"
857035,182,,"Wetlands","International Vegetation Classification",,,1,,,,,,,,,,,,,"NatureServe"
901022,707,,"Wetlands","International Vegetation Classification",,,1,,,,,,,,,,,,,"NatureServe"
857078,184,,"Wetlands","International Vegetation Classification",,,1,,,,,,,,,,,,,"NatureServe"
1234996,717,,"Wetlands","International Vegetation Classification",,,1,,,,,,,,,,,,,"NatureServe"
900336,756,,"Wetlands","International Vegetation Classification",,,1,,,,,,,,,,,,,"NatureServe"
900339,757,,"Wetlands","International Vegetation Classification",,,1,,,,,,,,,,,,,"NatureServe"
901770,758,,"Wetlands","International Vegetation Classification",,,1,,,,,,,,,,,,,"NatureServe"
928262,759,,"Wetlands","International Vegetation Classification",,,1,,,,,,,,,,,,,"NatureServe"
1275197,183,,"Wetlands","International Vegetation Classification",,,1,,,,,,,,,,,,,"NatureServe"
1275209,712,,"Wetlands","International Vegetation Classification",,,1,,,,,,,,,,,,,"NatureServe"
934118,713,,"Wetlands","International Vegetation Classification",,,1,,,,,,,,,,,,,"NatureServe"
1275215,714,,"Wetlands","International Vegetation Classification",,,1,,,,,,,,,,,,,"NatureServe"
1275217,715,,"Wetlands","International Vegetation Classification",,,1,,,,,,,,,,,,,"NatureServe"
1275211,716,,"Wetlands","International Vegetation Classification",,,1,,,,,,,,,,,,,"NatureServe"
837810,204,,"Deserts and Semi-Deserts","International Vegetation Classification",,,1,,,,,,,,,,,,,"NatureServe"
837795,205,,"Deserts and Semi-Deserts","International Vegetation Classification",,,1,,,,,,,,,,,,,"NatureServe"
934109,767,,"Deserts and Semi-Deserts","International Vegetation Classification",,,1,,,,,,,,,,,,,"NatureServe"
900607,768,,"Deserts and Semi-Deserts","International Vegetation Classification",,,1,,,,,,,,,,,,,"NatureServe"
900386,769,,"Deserts and Semi-Deserts","International Vegetation Classification",,,1,,,,,,,,,,,,,"NatureServe"
835910,206,,"Deserts and Semi-Deserts","International Vegetation Classification",,,1,,,,,,,,,,,,,"NatureServe"
900646,770,,"Deserts and Semi-Deserts","International Vegetation Classification",,,1,,,,,,,,,,,,,"NatureServe"
1270120,129,,"Grasslands and Shrublands","International Vegetation Classification",,,1,,,,,,,,,,,,,"NatureServe"
1179256,10,,"Forests and Woodlands","International Vegetation Classification",,,1,,,,,,,,,,,,,"NatureServe"
1179901,269,,"Forests and Woodlands","International Vegetation Classification",,,1,,,,,,,,,,,,,"NatureServe"
1179905,270,,"Forests and Woodlands","International Vegetation Classification",,,1,,,,,,,,,,,,,"NatureServe"
1179903,271,,"Forests and Woodlands","International Vegetation Classification",,,1,,,,,,,,,,,,,"NatureServe"
1179257,8,,"Forests and Woodlands","International Vegetation Classification",,,1,,,,,,,,,,,,,"NatureServe"
1179899,264,,"Forests and Woodlands","International Vegetation Classification",,,1,,,,,,,,,,,,,"NatureServe"
1179907,265,,"Forests and Woodlands","International Vegetation Classification",,,1,,,,,,,,,,,,,"NatureServe"
1198001,11,,"Forests and Woodlands","International Vegetation Classification",,,1,,,,,,,,,,,,,"NatureServe"
900683,272,,"Forests and Woodlands","International Vegetation Classification",,,1,,,,,,,,,,,,,"NatureServe"
933731,273,,"Forests and Woodlands","International Vegetation Classification",,,1,,,,,,,,,,,,,"NatureServe"
834545,12,,"Forests and Woodlands","International Vegetation Classification",,,1,,,,,,,,,,,,,"NatureServe"
900381,274,,"Forests and Woodlands","International Vegetation Classification",,,1,,,,,,,,,,,,,"NatureServe"
1197491,275,,"Forests and Woodlands","International Vegetation Classification",,,1,,,,,,,,,,,,,"NatureServe"
1202421,14,,"Forests and Woodlands","International Vegetation Classification",,,1,,,,,,,,,,,,,"NatureServe"
901425,279,,"Forests and Woodlands","International Vegetation Classification",,,1,,,,,,,,,,,,,"NatureServe"
901427,280,,"Forests and Woodlands","International Vegetation Classification",,,1,,,,,,,,,,,,,"NatureServe"
901429,281,,"Forests and Woodlands","International Vegetation Classification",,,1,,,,,,,,,,,,,"NatureServe"
934722,282,,"Forests and Woodlands","International Vegetation Classification",,,1,,,,,,,,,,,,,"NatureServe"
901423,283,,"Forests and Woodlands","International Vegetation Classification",,,1,,,,,,,,,,,,,"NatureServe"
833657,9,,"Forests and Woodlands","International Vegetation Classification",,,1,,,,,,,,,,,,,"NatureServe"
900731,266,,"Forests and Woodlands","International Vegetation Classification",,,1,,,,,,,,,,,,,"NatureServe"
901437,267,,"Forests and Woodlands","International Vegetation Classification",,,1,,,,,,,,,,,,,"NatureServe"
901439,268,,"Forests and Woodlands","International Vegetation Classification",,,1,,,,,,,,,,,,,"NatureServe"
932146,112,,"Grasslands and Shrublands","International Vegetation Classification",,,1,,,,,,,,,,,,,"NatureServe"
900855,533,,"Grasslands and Shrublands","International Vegetation Classification",,,1,,,,,,,,,,,,,"NatureServe"
901529,534,,"Grasslands and Shrublands","International Vegetation Classification",,,1,,,,,,,,,,,,,"NatureServe"
900396,535,,"Grasslands and Shrublands","International Vegetation Classification",,,1,,,,,,,,,,,,,"NatureServe"
932056,536,,"Grasslands and Shrublands","International Vegetation Classification",,,1,,,,,,,,,,,,,"NatureServe"
881414,115,,"Grasslands and Shrublands","International Vegetation Classification",,,1,,,,,,,,,,,,,"NatureServe"
1013701,543,,"Grasslands and Shrublands","International Vegetation Classification",,,1,,,,,,,,,,,,,"NatureServe"
836790,60,,"Wetlands","International Vegetation Classification",,,1,,,,,,,,,,,,,"NatureServe"
1197616,393,,"Wetlands","International Vegetation Classification",,,1,,,,,,,,,,,,,"NatureServe"
1197627,394,,"Wetlands","International Vegetation Classification",,,1,,,,,,,,,,,,,"NatureServe"
1197645,395,,"Wetlands","International Vegetation Classification",,,1,,,,,,,,,,,,,"NatureServe"
1197635,396,,"Wetlands","International Vegetation Classification",,,1,,,,,,,,,,,,,"NatureServe"
877339,59,,"Wetlands","International Vegetation Classification",,,1,,,,,,,,,,,,,"NatureServe"
901236,391,,"Wetlands","International Vegetation Classification",,,1,,,,,,,,,,,,,"NatureServe"
901234,392,,"Wetlands","International Vegetation Classification",,,1,,,,,,,,,,,,,"NatureServe"
1093924,174,,"Wetlands","International Vegetation Classification",,,1,,,,,,,,,,,,,"NatureServe"
1251845,686,,"Wetlands","International Vegetation Classification",,,1,,,,,,,,,,,,,"NatureServe"
1093968,687,,"Wetlands","International Vegetation Classification",,,1,,,,,,,,,,,,,"NatureServe"
926771,688,,"Wetlands","International Vegetation Classification",,,1,,,,,,,,,,,,,"NatureServe"
1197497,689,,"Wetlands","International Vegetation Classification",,,1,,,,,,,,,,,,,"NatureServe"
959044,239,,"Grasslands and Shrublands","International Vegetation Classification",,,1,,,,,,,,,,,,,"NatureServe"
959808,877,,"Grasslands and Shrublands","International Vegetation Classification",,,1,,,,,,,,,,,,,"NatureServe"
959771,878,,"Grasslands and Shrublands","International Vegetation Classification",,,1,,,,,,,,,,,,,"NatureServe"
901671,879,,"Grasslands and Shrublands","International Vegetation Classification",,,1,,,,,,,,,,,,,"NatureServe"
901669,880,,"Grasslands and Shrublands","International Vegetation Classification",,,1,,,,,,,,,,,,,"NatureServe"
1198185,181,,"Wetlands","International Vegetation Classification",,,1,,,,,,,,,,,,,"NatureServe"
901402,704,,"Wetlands","International Vegetation Classification",,,1,,,,,,,,,,,,,"NatureServe"
901404,705,,"Wetlands","International Vegetation Classification",,,1,,,,,,,,,,,,,"NatureServe"
1178374,706,,"Wetlands","International Vegetation Classification",,,1,,,,,,,,,,,,,"NatureServe"
877350,13,,"Forests and Woodlands","International Vegetation Classification",,,1,,,,,,,,,,,,,"NatureServe"
900771,276,,"Forests and Woodlands","International Vegetation Classification",,,1,,,,,,,,,,,,,"NatureServe"
900770,277,,"Forests and Woodlands","International Vegetation Classification",,,1,,,,,,,,,,,,,"NatureServe"
900766,278,,"Forests and Woodlands","International Vegetation Classification",,,1,,,,,,,,,,,,,"NatureServe"
1270118,130,,"Grasslands and Shrublands","International Vegetation Classification",,,1,,,,,,,,,,,,,"NatureServe"
877337,54,,"Wetlands","International Vegetation Classification",,,1,,,,,,,,,,,,,"NatureServe"
901224,378,,"Wetlands","International Vegetation Classification",,,1,,,,,,,,,,,,,"NatureServe"
1197713,379,,"Wetlands","International Vegetation Classification",,,1,,,,,,,,,,,,,"NatureServe"
901232,380,,"Wetlands","International Vegetation Classification",,,1,,,,,,,,,,,,,"NatureServe"
901230,381,,"Wetlands","International Vegetation Classification",,,1,,,,,,,,,,,,,"NatureServe"
1242999,261,,"Forests and Woodlands","International Vegetation Classification",,,1,,,,,,,,,,,,,"NatureServe"
835831,155,,"Wetlands","International Vegetation Classification",,,1,,,,,,,,,,,,,"NatureServe"
901218,623,,"Wetlands","International Vegetation Classification",,,1,,,,,,,,,,,,,"NatureServe"
894456,173,,"Wetlands","International Vegetation Classification",,,1,,,,,,,,,,,,,"NatureServe"
1197510,680,,"Wetlands","International Vegetation Classification",,,1,,,,,,,,,,,,,"NatureServe"
901746,681,,"Wetlands","International Vegetation Classification",,,1,,,,,,,,,,,,,"NatureServe"
926857,682,,"Wetlands","International Vegetation Classification",,,1,,,,,,,,,,,,,"NatureServe"
926864,683,,"Wetlands","International Vegetation Classification",,,1,,,,,,,,,,,,,"NatureServe"
1094027,684,,"Wetlands","International Vegetation Classification",,,1,,,,,,,,,,,,,"NatureServe"
901158,685,,"Wetlands","International Vegetation Classification",,,1,,,,,,,,,,,,,"NatureServe"
900801,260,,"Forests and Woodlands","International Vegetation Classification",,,1,,,,,,,,,,,,,"NatureServe"
900717,512,,"Forests and Woodlands","International Vegetation Classification",,,1,,,,,,,,,,,,,"NatureServe"
900188,262,,"Forests and Woodlands","International Vegetation Classification",,,1,,,,,,,,,,,,,"NatureServe"
900377,513,,"Forests and Woodlands","International Vegetation Classification",,,1,,,,,,,,,,,,,"NatureServe"
1243009,263,,"Forests and Woodlands","International Vegetation Classification",,,1,,,,,,,,,,,,,"NatureServe"
867438,193,,"Wetlands","International Vegetation Classification",,,1,,,,,,,,,,,,,"NatureServe"
1234999,740,,"Wetlands","International Vegetation Classification",,,1,,,,,,,,,,,,,"NatureServe"
1235000,741,,"Wetlands","International Vegetation Classification",,,1,,,,,,,,,,,,,"NatureServe"
867454,196,,"Wetlands","International Vegetation Classification",,,1,,,,,,,,,,,,,"NatureServe"
1235006,747,,"Wetlands","International Vegetation Classification",,,1,,,,,,,,,,,,,"NatureServe"
1235005,748,,"Wetlands","International Vegetation Classification",,,1,,,,,,,,,,,,,"NatureServe"
867443,194,,"Wetlands","International Vegetation Classification",,,1,,,,,,,,,,,,,"NatureServe"
1235001,742,,"Wetlands","International Vegetation Classification",,,1,,,,,,,,,,,,,"NatureServe"
1235002,743,,"Wetlands","International Vegetation Classification",,,1,,,,,,,,,,,,,"NatureServe"
1232164,744,,"Wetlands","International Vegetation Classification",,,1,,,,,,,,,,,,,"NatureServe"
959741,195,,"Wetlands","International Vegetation Classification",,,1,,,,,,,,,,,,,"NatureServe"
1235003,745,,"Wetlands","International Vegetation Classification",,,1,,,,,,,,,,,,,"NatureServe"
1235004,746,,"Wetlands","International Vegetation Classification",,,1,,,,,,,,,,,,,"NatureServe"
894267,235,,"Wetlands","International Vegetation Classification",,,1,,,,,,,,,,,,,"NatureServe"
1042198,868,,"Wetlands","International Vegetation Classification",,,1,,,,,,,,,,,,,"NatureServe"
1042217,869,,"Wetlands","International Vegetation Classification",,,1,,,,,,,,,,,,,"NatureServe"
1013714,870,,"Wetlands","International Vegetation Classification",,,1,,,,,,,,,,,,,"NatureServe"
884307,202,,"Wetlands","International Vegetation Classification",,,1,,,,,,,,,,,,,"NatureServe"
926812,761,,"Wetlands","International Vegetation Classification",,,1,,,,,,,,,,,,,"NatureServe"
1102527,762,,"Wetlands","International Vegetation Classification",,,1,,,,,,,,,,,,,"NatureServe"
926814,763,,"Wetlands","International Vegetation Classification",,,1,,,,,,,,,,,,,"NatureServe"
857701,228,,"Marine","International Vegetation Classification",,,1,,,,,,,,,,,,,"NatureServe"
1269159,839,,"Marine","International Vegetation Classification",,,1,,,,,,,,,,,,,"NatureServe"
934806,840,,"Marine","International Vegetation Classification",,,1,,,,,,,,,,,,,"NatureServe"
934815,841,,"Marine","International Vegetation Classification",,,1,,,,,,,,,,,,,"NatureServe"
849081,229,,"Marine","International Vegetation Classification",,,1,,,,,,,,,,,,,"NatureServe"
1235008,842,,"Marine","International Vegetation Classification",,,1,,,,,,,,,,,,,"NatureServe"
877444,137,,"Marine","International Vegetation Classification",,,1,,,,,,,,,,,,,"NatureServe"
901142,586,,"Marine","International Vegetation Classification",,,1,,,,,,,,,,,,,"NatureServe"
884233,142,,"Marine","International Vegetation Classification",,,1,,,,,,,,,,,,,"NatureServe"
1197696,593,,"Marine","International Vegetation Classification",,,1,,,,,,,,,,,,,"NatureServe"
900273,594,,"Marine","International Vegetation Classification",,,1,,,,,,,,,,,,,"NatureServe"
888737,186,,"Wetlands","International Vegetation Classification",,,1,,,,,,,,,,,,,"NatureServe"
934123,720,,"Wetlands","International Vegetation Classification",,,1,,,,,,,,,,,,,"NatureServe"
934122,721,,"Wetlands","International Vegetation Classification",,,1,,,,,,,,,,,,,"NatureServe"
1198095,187,,"Wetlands","International Vegetation Classification",,,1,,,,,,,,,,,,,"NatureServe"
900359,722,,"Wetlands","International Vegetation Classification",,,1,,,,,,,,,,,,,"NatureServe"
1197502,723,,"Wetlands","International Vegetation Classification",,,1,,,,,,,,,,,,,"NatureServe"
900906,724,,"Wetlands","International Vegetation Classification",,,1,,,,,,,,,,,,,"NatureServe"
900350,725,,"Wetlands","International Vegetation Classification",,,1,,,,,,,,,,,,,"NatureServe"
857622,141,,"Marine","International Vegetation Classification",,,1,,,,,,,,,,,,,"NatureServe"
901566,592,,"Marine","International Vegetation Classification",,,1,,,,,,,,,,,,,"NatureServe"
1198049,188,,"Wetlands","International Vegetation Classification",,,1,,,,,,,,,,,,,"NatureServe"
1093952,726,,"Wetlands","International Vegetation Classification",,,1,,,,,,,,,,,,,"NatureServe"
901061,727,,"Wetlands","International Vegetation Classification",,,1,,,,,,,,,,,,,"NatureServe"
901687,728,,"Wetlands","International Vegetation Classification",,,1,,,,,,,,,,,,,"NatureServe"
1235012,749,,"Wetlands","International Vegetation Classification",,,1,,,,,,,,,,,,,"NatureServe"
1197827,750,,"Wetlands","International Vegetation Classification",,,1,,,,,,,,,,,,,"NatureServe"
1197893,752,,"Wetlands","International Vegetation Classification",,,1,,,,,,,,,,,,,"NatureServe"
1178377,751,,"Wetlands","International Vegetation Classification",,,1,,,,,,,,,,,,,"NatureServe"
884206,231,,"Marine","International Vegetation Classification",,,1,,,,,,,,,,,,,"NatureServe"
1178372,845,,"Marine","International Vegetation Classification",,,1,,,,,,,,,,,,,"NatureServe"
856670,159,,"Wetlands","International Vegetation Classification",,,1,,,,,,,,,,,,,"NatureServe"
1225227,635,,"Wetlands","International Vegetation Classification",,,1,,,,,,,,,,,,,"NatureServe"
1225228,636,,"Wetlands","International Vegetation Classification",,,1,,,,,,,,,,,,,"NatureServe"
849180,216,,"Polar and Alpine","International Vegetation Classification",,,1,,,,,,,,,,,,,"NatureServe"
1231339,803,,"Polar and Alpine","International Vegetation Classification",,,1,,,,,,,,,,,,,"NatureServe"
905751,804,,"Polar and Alpine","International Vegetation Classification",,,1,,,,,,,,,,,,,"NatureServe"
904999,805,,"Polar and Alpine","International Vegetation Classification",,,1,,,,,,,,,,,,,"NatureServe"
857339,213,,"Polar and Alpine","International Vegetation Classification",,,1,,,,,,,,,,,,,"NatureServe"
900812,795,,"Polar and Alpine","International Vegetation Classification",,,1,,,,,,,,,,,,,"NatureServe"
900814,796,,"Polar and Alpine","International Vegetation Classification",,,1,,,,,,,,,,,,,"NatureServe"
857346,214,,"Polar and Alpine","International Vegetation Classification",,,1,,,,,,,,,,,,,"NatureServe"
900399,798,,"Polar and Alpine","International Vegetation Classification",,,1,,,,,,,,,,,,,"NatureServe"
900330,799,,"Polar and Alpine","International Vegetation Classification",,,1,,,,,,,,,,,,,"NatureServe"
900822,800,,"Polar and Alpine","International Vegetation Classification",,,1,,,,,,,,,,,,,"NatureServe"
900824,801,,"Polar and Alpine","International Vegetation Classification",,,1,,,,,,,,,,,,,"NatureServe"
1231338,802,,"Polar and Alpine","International Vegetation Classification",,,1,,,,,,,,,,,,,"NatureServe"
857655,146,,"Marine","International Vegetation Classification",,,1,,,,,,,,,,,,,"NatureServe"
900984,600,,"Marine","International Vegetation Classification",,,1,,,,,,,,,,,,,"NatureServe"
1267600,217,,"Polar and Alpine","International Vegetation Classification",,,1,,,,,,,,,,,,,"NatureServe"
833506,39,,"Forests and Woodlands","Canadian National Vegetation Classification",,,1,,,,,,,,,,,,,"NatureServe"
900880,339,,"Forests and Woodlands","International Vegetation Classification",,,1,,,,,,,,,,,,,"NatureServe"
900882,340,,"Forests and Woodlands","International Vegetation Classification",,,1,,,,,,,,,,,,,"NatureServe"
900878,341,,"Forests and Woodlands","International Vegetation Classification",,,1,,,,,,,,,,,,,"NatureServe"
874150,147,,"Marine","International Vegetation Classification",,,1,,,,,,,,,,,,,"NatureServe"
874086,601,,"Marine","International Vegetation Classification",,,1,,,,,,,,,,,,,"NatureServe"
874095,602,,"Marine","International Vegetation Classification",,,1,,,,,,,,,,,,,"NatureServe"
856662,145,,"Marine","International Vegetation Classification",,,1,,,,,,,,,,,,,"NatureServe"
934100,599,,"Marine","International Vegetation Classification",,,1,,,,,,,,,,,,,"NatureServe"
833511,40,,"Forests and Woodlands","Canadian National Vegetation Classification",,,1,,,,,,,,,,,,,"NatureServe"
900891,342,,"Forests and Woodlands","International Vegetation Classification",,,1,,,,,,,,,,,,,"NatureServe"
900893,343,,"Forests and Woodlands","International Vegetation Classification",,,1,,,,,,,,,,,,,"NatureServe"
887159,43,,"Forests and Woodlands","Canadian National Vegetation Classification",,,1,,,,,,,,,,,,,"NatureServe"
901092,353,,"Forests and Woodlands","International Vegetation Classification",,,1,,,,,,,,,,,,,"NatureServe"
901094,354,,"Forests and Woodlands","International Vegetation Classification",,,1,,,,,,,,,,,,,"NatureServe"
901090,355,,"Forests and Woodlands","International Vegetation Classification",,,1,,,,,,,,,,,,,"NatureServe"
901109,356,,"Forests and Woodlands","International Vegetation Classification",,,1,,,,,,,,,,,,,"NatureServe"
849276,161,,"Wetlands","International Vegetation Classification",,,1,,,,,,,,,,,,,"NatureServe"
1225230,640,,"Wetlands","International Vegetation Classification",,,1,,,,,,,,,,,,,"NatureServe"
1225229,641,,"Wetlands","International Vegetation Classification",,,1,,,,,,,,,,,,,"NatureServe"
1041492,44,,"Forests and Woodlands","Canadian National Vegetation Classification",,,1,,,,,,,,,,,,,"NatureServe"
935284,357,,"Forests and Woodlands","International Vegetation Classification",,,1,,,,,,,,,,,,,"NatureServe"
901256,358,,"Forests and Woodlands","International Vegetation Classification",,,1,,,,,,,,,,,,,"NatureServe"
901250,359,,"Forests and Woodlands","International Vegetation Classification",,,1,,,,,,,,,,,,,"NatureServe"
856677,160,,"Wetlands","International Vegetation Classification",,,1,,,,,,,,,,,,,"NatureServe"
1225233,637,,"Wetlands","International Vegetation Classification",,,1,,,,,,,,,,,,,"NatureServe"
1225231,638,,"Wetlands","International Vegetation Classification",,,1,,,,,,,,,,,,,"NatureServe"
1225232,639,,"Wetlands","International Vegetation Classification",,,1,,,,,,,,,,,,,"NatureServe"
833488,42,,"Forests and Woodlands","Canadian National Vegetation Classification",,,1,,,,,,,,,,,,,"NatureServe"
900172,351,,"Forests and Woodlands","International Vegetation Classification",,,1,,,,,,,,,,,,,"NatureServe"
900889,352,,"Forests and Woodlands","International Vegetation Classification",,,1,,,,,,,,,,,,,"NatureServe"
887162,41,,"Forests and Woodlands","Canadian National Vegetation Classification",,,1,,,,,,,,,,,,,"NatureServe"
901105,344,,"Forests and Woodlands","International Vegetation Classification",,,1,,,,,,,,,,,,,"NatureServe"
1027671,345,,"Forests and Woodlands","International Vegetation Classification",,,1,,,,,,,,,,,,,"NatureServe"
901103,346,,"Forests and Woodlands","International Vegetation Classification",,,1,,,,,,,,,,,,,"NatureServe"
901101,347,,"Forests and Woodlands","International Vegetation Classification",,,1,,,,,,,,,,,,,"NatureServe"
901096,348,,"Forests and Woodlands","International Vegetation Classification",,,1,,,,,,,,,,,,,"NatureServe"
901098,349,,"Forests and Woodlands","International Vegetation Classification",,,1,,,,,,,,,,,,,"NatureServe"
901107,350,,"Forests and Woodlands","International Vegetation Classification",,,1,,,,,,,,,,,,,"NatureServe"
848811,163,,"Wetlands","International Vegetation Classification",,,1,,,,,,,,,,,,,"NatureServe"
1238870,644,,"Wetlands","International Vegetation Classification",,,1,,,,,,,,,,,,,"NatureServe"
900476,645,,"Wetlands","International Vegetation Classification",,,1,,,,,,,,,,,,,"NatureServe"
849142,244,,"Grasslands and Shrublands","International Vegetation Classification",,,1,,,,,,,,,,,,,"NatureServe"
901330,886,,"Grasslands and Shrublands","International Vegetation Classification",,,1,,,,,,,,,,,,,"NatureServe"
934861,887,,"Grasslands and Shrublands","International Vegetation Classification",,,1,,,,,,,,,,,,,"NatureServe"
837787,177,,"Wetlands","International Vegetation Classification",,,1,,,,,,,,,,,,,"NatureServe"
1198306,695,,"Wetlands","International Vegetation Classification",,,1,,,,,,,,,,,,,"NatureServe"
900404,696,,"Wetlands","International Vegetation Classification",,,1,,,,,,,,,,,,,"NatureServe"
900874,697,,"Wetlands","International Vegetation Classification",,,1,,,,,,,,,,,,,"NatureServe"
834513,6,,"Forests and Woodlands","International Vegetation Classification",,,1,,,,,,,,,,,,,"NatureServe"
900668,258,,"Forests and Woodlands","International Vegetation Classification",,,1,,,,,,,,,,,,,"NatureServe"
898012,259,,"Forests and Woodlands","International Vegetation Classification",,,1,,,,,,,,,,,,,"NatureServe"
1041508,68,,"Wetlands","International Vegetation Classification",,,1,,,,,,,,,,,,,"NatureServe"
1225241,414,,"Wetlands","International Vegetation Classification",,,1,,,,,,,,,,,,,"NatureServe"
901280,415,,"Wetlands","International Vegetation Classification",,,1,,,,,,,,,,,,,"NatureServe"
1225240,416,,"Wetlands","International Vegetation Classification",,,1,,,,,,,,,,,,,"NatureServe"
901283,417,,"Wetlands","International Vegetation Classification",,,1,,,,,,,,,,,,,"NatureServe"
1041521,69,,"Wetlands","International Vegetation Classification",,,1,,,,,,,,,,,,,"NatureServe"
901289,418,,"Wetlands","International Vegetation Classification",,,1,,,,,,,,,,,,,"NatureServe"
1041533,419,,"Wetlands","International Vegetation Classification",,,1,,,,,,,,,,,,,"NatureServe"
849283,70,,"Wetlands","International Vegetation Classification",,,1,,,,,,,,,,,,,"NatureServe"
901312,420,,"Wetlands","International Vegetation Classification",,,1,,,,,,,,,,,,,"NatureServe"
858135,238,,"Grasslands and Shrublands","International Vegetation Classification",,,1,,,,,,,,,,,,,"NatureServe"
901651,876,,"Grasslands and Shrublands","International Vegetation Classification",,,1,,,,,,,,,,,,,"NatureServe"
877458,58,,"Wetlands","International Vegetation Classification",,,1,,,,,,,,,,,,,"NatureServe"
934125,390,,"Wetlands","International Vegetation Classification",,,1,,,,,,,,,,,,,"NatureServe"
849193,51,,"Forests and Woodlands","International Vegetation Classification",,,1,,,,,,,,,,,,,"NatureServe"
900703,368,,"Forests and Woodlands","International Vegetation Classification",,,1,,,,,,,,,,,,,"NatureServe"
900705,369,,"Forests and Woodlands","International Vegetation Classification",,,1,,,,,,,,,,,,,"NatureServe"
881409,111,,"Grasslands and Shrublands","International Vegetation Classification",,,1,,,,,,,,,,,,,"NatureServe"
1013687,530,,"Grasslands and Shrublands","International Vegetation Classification",,,1,,,,,,,,,,,,,"NatureServe"
1093825,531,,"Grasslands and Shrublands","International Vegetation Classification",,,1,,,,,,,,,,,,,"NatureServe"
1013696,532,,"Grasslands and Shrublands","International Vegetation Classification",,,1,,,,,,,,,,,,,"NatureServe"
1198012,208,,"Polar and Alpine","International Vegetation Classification",,,1,,,,,,,,,,,,,"NatureServe"
900752,774,,"Polar and Alpine","International Vegetation Classification",,,1,,,,,,,,,,,,,"NatureServe"
900328,775,,"Polar and Alpine","International Vegetation Classification",,,1,,,,,,,,,,,,,"NatureServe"
900285,776,,"Polar and Alpine","International Vegetation Classification",,,1,,,,,,,,,,,,,"NatureServe"
900754,777,,"Polar and Alpine","International Vegetation Classification",,,1,,,,,,,,,,,,,"NatureServe"
926042,778,,"Polar and Alpine","International Vegetation Classification",,,1,,,,,,,,,,,,,"NatureServe"
900853,779,,"Polar and Alpine","International Vegetation Classification",,,1,,,,,,,,,,,,,"NatureServe"
901664,780,,"Polar and Alpine","International Vegetation Classification",,,1,,,,,,,,,,,,,"NatureServe"
900756,781,,"Polar and Alpine","International Vegetation Classification",,,1,,,,,,,,,,,,,"NatureServe"
900283,782,,"Polar and Alpine","International Vegetation Classification",,,1,,,,,,,,,,,,,"NatureServe"
884187,143,,"Marine","International Vegetation Classification",,,1,,,,,,,,,,,,,"NatureServe"
1153510,595,,"Marine","International Vegetation Classification",,,1,,,,,,,,,,,,,"NatureServe"
934135,596,,"Marine","International Vegetation Classification",,,1,,,,,,,,,,,,,"NatureServe"
856982,107,,"Grasslands and Shrublands","International Vegetation Classification",,,1,,,,,,,,,,,,,"NatureServe"
901070,521,,"Grasslands and Shrublands","International Vegetation Classification",,,1,,,,,,,,,,,,,"NatureServe"
1275201,514,,"Grasslands and Shrublands","International Vegetation Classification",,,1,,,,,,,,,,,,,"NatureServe"
1275203,515,,"Grasslands and Shrublands","International Vegetation Classification",,,1,,,,,,,,,,,,,"NatureServe"
1275205,516,,"Grasslands and Shrublands","International Vegetation Classification",,,1,,,,,,,,,,,,,"NatureServe"
1275213,517,,"Grasslands and Shrublands","International Vegetation Classification",,,1,,,,,,,,,,,,,"NatureServe"
1141023,518,,"Grasslands and Shrublands","International Vegetation Classification",,,1,,,,,,,,,,,,,"NatureServe"
1129141,519,,"Grasslands and Shrublands","International Vegetation Classification",,,1,,,,,,,,,,,,,"NatureServe"
901718,525,,"Grasslands and Shrublands","International Vegetation Classification",,,1,,,,,,,,,,,,,"NatureServe"
856642,49,,"Forests and Woodlands","International Vegetation Classification",,,1,,,,,,,,,,,,,"NatureServe"
900650,365,,"Forests and Woodlands","International Vegetation Classification",,,1,,,,,,,,,,,,,"NatureServe"
856966,108,,"Grasslands and Shrublands","International Vegetation Classification",,,1,,,,,,,,,,,,,"NatureServe"
1198304,520,,"Grasslands and Shrublands","International Vegetation Classification",,,1,,,,,,,,,,,,,"NatureServe"
901709,522,,"Grasslands and Shrublands","International Vegetation Classification",,,1,,,,,,,,,,,,,"NatureServe"
901713,523,,"Grasslands and Shrublands","International Vegetation Classification",,,1,,,,,,,,,,,,,"NatureServe"
1275199,524,,"Grasslands and Shrublands","International Vegetation Classification",,,1,,,,,,,,,,,,,"NatureServe"
856996,109,,"Grasslands and Shrublands","International Vegetation Classification",,,1,,,,,,,,,,,,,"NatureServe"
1275207,526,,"Grasslands and Shrublands","International Vegetation Classification",,,1,,,,,,,,,,,,,"NatureServe"
901730,527,,"Grasslands and Shrublands","International Vegetation Classification",,,1,,,,,,,,,,,,,"NatureServe"
1197918,110,,"Grasslands and Shrublands","International Vegetation Classification",,,1,,,,,,,,,,,,,"NatureServe"
900296,528,,"Grasslands and Shrublands","International Vegetation Classification",,,1,,,,,,,,,,,,,"NatureServe"
1219370,529,,"Grasslands and Shrublands","International Vegetation Classification",,,1,,,,,,,,,,,,,"NatureServe"
849294,105,,"Grasslands and Shrublands","International Vegetation Classification",,,1,,,,,,,,,,,,,"NatureServe"
901689,510,,"Grasslands and Shrublands","International Vegetation Classification",,,1,,,,,,,,,,,,,"NatureServe"
901691,511,,"Grasslands and Shrublands","International Vegetation Classification",,,1,,,,,,,,,,,,,"NatureServe"
884224,124,,"Grasslands and Shrublands","International Vegetation Classification",,,1,,,,,,,,,,,,,"NatureServe"
901587,568,,"Grasslands and Shrublands","International Vegetation Classification",,,1,,,,,,,,,,,,,"NatureServe"
901589,569,,"Grasslands and Shrublands","International Vegetation Classification",,,1,,,,,,,,,,,,,"NatureServe"
849199,52,,"Forests and Woodlands","International Vegetation Classification",,,1,,,,,,,,,,,,,"NatureServe"
900701,370,,"Forests and Woodlands","International Vegetation Classification",,,1,,,,,,,,,,,,,"NatureServe"
1268714,372,,"Forests and Woodlands","International Vegetation Classification",,,1,,,,,,,,,,,,,"NatureServe"
1269144,371,,"Forests and Woodlands","International Vegetation Classification",,,1,,,,,,,,,,,,,"NatureServe"
948590,96,,"Wetlands","Canadian National Vegetation Classification",,,1,,,,,,,,,,,,,"NatureServe"
1229795,487,,"Wetlands","International Vegetation Classification",,,1,,,,,,,,,,,,,"NatureServe"
900146,488,,"Wetlands","International Vegetation Classification",,,1,,,,,,,,,,,,,"NatureServe"
1232172,489,,"Wetlands","International Vegetation Classification",,,1,,,,,,,,,,,,,"NatureServe"
1170311,490,,"Wetlands","International Vegetation Classification",,,1,,,,,,,,,,,,,"NatureServe"
1170299,491,,"Wetlands","International Vegetation Classification",,,1,,,,,,,,,,,,,"NatureServe"
1170337,492,,"Wetlands","International Vegetation Classification",,,1,,,,,,,,,,,,,"NatureServe"
872698,80,,"Forests and Woodlands","Canadian National Vegetation Classification",,,1,,,,,,,,,,,,,"NatureServe"
1170353,442,,"Forests and Woodlands","International Vegetation Classification",,,1,,,,,,,,,,,,,"NatureServe"
1170357,443,,"Forests and Woodlands","International Vegetation Classification",,,1,,,,,,,,,,,,,"NatureServe"
901435,78,,"Forests and Woodlands","Canadian National Vegetation Classification",,,1,,,,,,,,,,,,,"NatureServe"
1170325,436,,"Forests and Woodlands","International Vegetation Classification",,,1,,,,,,,,,,,,,"NatureServe"
1170327,437,,"Forests and Woodlands","International Vegetation Classification",,,1,,,,,,,,,,,,,"NatureServe"
872701,79,,"Forests and Woodlands","Canadian National Vegetation Classification",,,1,,,,,,,,,,,,,"NatureServe"
1170329,438,,"Forests and Woodlands","International Vegetation Classification",,,1,,,,,,,,,,,,,"NatureServe"
1170339,439,,"Forests and Woodlands","International Vegetation Classification",,,1,,,,,,,,,,,,,"NatureServe"
1170331,440,,"Forests and Woodlands","International Vegetation Classification",,,1,,,,,,,,,,,,,"NatureServe"
1013708,441,,"Forests and Woodlands","International Vegetation Classification",,,1,,,,,,,,,,,,,"NatureServe"
948726,77,,"Forests and Woodlands","Canadian National Vegetation Classification",,,1,,,,,,,,,,,,,"NatureServe"
1170383,433,,"Forests and Woodlands","International Vegetation Classification",,,1,,,,,,,,,,,,,"NatureServe"
1170335,434,,"Forests and Woodlands","International Vegetation Classification",,,1,,,,,,,,,,,,,"NatureServe"
1170361,435,,"Forests and Woodlands","International Vegetation Classification",,,1,,,,,,,,,,,,,"NatureServe"
948697,101,,"Wetlands","Canadian National Vegetation Classification",,,1,,,,,,,,,,,,,"NatureServe"
901408,496,,"Wetlands","International Vegetation Classification",,,1,,,,,,,,,,,,,"NatureServe"
901406,497,,"Wetlands","International Vegetation Classification",,,1,,,,,,,,,,,,,"NatureServe"
934134,498,,"Wetlands","International Vegetation Classification",,,1,,,,,,,,,,,,,"NatureServe"
835781,29,,"Forests and Woodlands","International Vegetation Classification",,,1,,,,,,,,,,,,,"NatureServe"
1278513,320,,"Forests and Woodlands","International Vegetation Classification",,,1,,,,,,,,,,,,,"NatureServe"
902784,321,,"Forests and Woodlands","International Vegetation Classification",,,1,,,,,,,,,,,,,"NatureServe"
1278514,322,,"Forests and Woodlands","International Vegetation Classification",,,1,,,,,,,,,,,,,"NatureServe"
849165,212,,"Polar and Alpine","International Vegetation Classification",,,1,,,,,,,,,,,,,"NatureServe"
901696,791,,"Polar and Alpine","International Vegetation Classification",,,1,,,,,,,,,,,,,"NatureServe"
901694,792,,"Polar and Alpine","International Vegetation Classification",,,1,,,,,,,,,,,,,"NatureServe"
856689,153,,"Wetlands","International Vegetation Classification",,,1,,,,,,,,,,,,,"NatureServe"
1268708,618,,"Wetlands","International Vegetation Classification",,,1,,,,,,,,,,,,,"NatureServe"
900959,619,,"Wetlands","International Vegetation Classification",,,1,,,,,,,,,,,,,"NatureServe"
1238863,620,,"Wetlands","International Vegetation Classification",,,1,,,,,,,,,,,,,"NatureServe"
1268710,621,,"Wetlands","International Vegetation Classification",,,1,,,,,,,,,,,,,"NatureServe"
856703,158,,"Wetlands","International Vegetation Classification",,,1,,,,,,,,,,,,,"NatureServe"
900953,632,,"Wetlands","International Vegetation Classification",,,1,,,,,,,,,,,,,"NatureServe"
900955,633,,"Wetlands","International Vegetation Classification",,,1,,,,,,,,,,,,,"NatureServe"
900957,634,,"Wetlands","International Vegetation Classification",,,1,,,,,,,,,,,,,"NatureServe"
849127,242,,"Grasslands and Shrublands","International Vegetation Classification",,,1,,,,,,,,,,,,,"NatureServe"
904969,884,,"Grasslands and Shrublands","International Vegetation Classification",,,1,,,,,,,,,,,,,"NatureServe"
934877,885,,"Grasslands and Shrublands","International Vegetation Classification",,,1,,,,,,,,,,,,,"NatureServe"
836638,27,,"Forests and Woodlands","International Vegetation Classification",,,1,,,,,,,,,,,,,"NatureServe"
900941,316,,"Forests and Woodlands","International Vegetation Classification",,,1,,,,,,,,,,,,,"NatureServe"
900943,317,,"Forests and Woodlands","International Vegetation Classification",,,1,,,,,,,,,,,,,"NatureServe"
900937,318,,"Forests and Woodlands","International Vegetation Classification",,,1,,,,,,,,,,,,,"NatureServe"
1225604,34,,"Forests and Woodlands","International Vegetation Classification",,,1,,,,,,,,,,,,,"NatureServe"
857461,334,,"Forests and Woodlands","International Vegetation Classification",,,1,,,,,,,,,,,,,"NatureServe"
835766,30,,"Forests and Woodlands","International Vegetation Classification",,,1,,,,,,,,,,,,,"NatureServe"
1234997,323,,"Forests and Woodlands","International Vegetation Classification",,,1,,,,,,,,,,,,,"NatureServe"
835751,31,,"Forests and Woodlands","International Vegetation Classification",,,1,,,,,,,,,,,,,"NatureServe"
934120,324,,"Forests and Woodlands","International Vegetation Classification",,,1,,,,,,,,,,,,,"NatureServe"
902962,325,,"Forests and Woodlands","International Vegetation Classification",,,1,,,,,,,,,,,,,"NatureServe"
900169,326,,"Forests and Woodlands","International Vegetation Classification",,,1,,,,,,,,,,,,,"NatureServe"
857236,167,,"Wetlands","International Vegetation Classification",,,1,,,,,,,,,,,,,"NatureServe"
901321,656,,"Wetlands","International Vegetation Classification",,,1,,,,,,,,,,,,,"NatureServe"
901355,657,,"Wetlands","International Vegetation Classification",,,1,,,,,,,,,,,,,"NatureServe"
901357,658,,"Wetlands","International Vegetation Classification",,,1,,,,,,,,,,,,,"NatureServe"
849253,64,,"Wetlands","International Vegetation Classification",,,1,,,,,,,,,,,,,"NatureServe"
901305,401,,"Wetlands","International Vegetation Classification",,,1,,,,,,,,,,,,,"NatureServe"
901296,402,,"Wetlands","International Vegetation Classification",,,1,,,,,,,,,,,,,"NatureServe"
941857,403,,"Wetlands","International Vegetation Classification",,,1,,,,,,,,,,,,,"NatureServe"
901300,404,,"Wetlands","International Vegetation Classification",,,1,,,,,,,,,,,,,"NatureServe"
901302,405,,"Wetlands","International Vegetation Classification",,,1,,,,,,,,,,,,,"NatureServe"
1225243,406,,"Wetlands","International Vegetation Classification",,,1,,,,,,,,,,,,,"NatureServe"
849243,65,,"Wetlands","International Vegetation Classification",,,1,,,,,,,,,,,,,"NatureServe"
1226769,407,,"Wetlands","International Vegetation Classification",,,1,,,,,,,,,,,,,"NatureServe"
901298,408,,"Wetlands","International Vegetation Classification",,,1,,,,,,,,,,,,,"NatureServe"
1225242,409,,"Wetlands","International Vegetation Classification",,,1,,,,,,,,,,,,,"NatureServe"
926627,410,,"Wetlands","International Vegetation Classification",,,1,,,,,,,,,,,,,"NatureServe"
835794,32,,"Forests and Woodlands","International Vegetation Classification",,,1,,,,,,,,,,,,,"NatureServe"
900864,327,,"Forests and Woodlands","International Vegetation Classification",,,1,,,,,,,,,,,,,"NatureServe"
1278517,328,,"Forests and Woodlands","International Vegetation Classification",,,1,,,,,,,,,,,,,"NatureServe"
1278516,329,,"Forests and Woodlands","International Vegetation Classification",,,1,,,,,,,,,,,,,"NatureServe"
1278515,330,,"Forests and Woodlands","International Vegetation Classification",,,1,,,,,,,,,,,,,"NatureServe"
837647,121,,"Grasslands and Shrublands","International Vegetation Classification",,,1,,,,,,,,,,,,,"NatureServe"
900309,563,,"Grasslands and Shrublands","International Vegetation Classification",,,1,,,,,,,,,,,,,"NatureServe"
901591,564,,"Grasslands and Shrublands","International Vegetation Classification",,,1,,,,,,,,,,,,,"NatureServe"
857572,210,,"Polar and Alpine","International Vegetation Classification",,,1,,,,,,,,,,,,,"NatureServe"
902994,783,,"Polar and Alpine","International Vegetation Classification",,,1,,,,,,,,,,,,,"NatureServe"
900602,784,,"Polar and Alpine","International Vegetation Classification",,,1,,,,,,,,,,,,,"NatureServe"
900600,785,,"Polar and Alpine","International Vegetation Classification",,,1,,,,,,,,,,,,,"NatureServe"
900596,786,,"Polar and Alpine","International Vegetation Classification",,,1,,,,,,,,,,,,,"NatureServe"
900598,787,,"Polar and Alpine","International Vegetation Classification",,,1,,,,,,,,,,,,,"NatureServe"
857557,211,,"Polar and Alpine","International Vegetation Classification",,,1,,,,,,,,,,,,,"NatureServe"
900563,788,,"Polar and Alpine","International Vegetation Classification",,,1,,,,,,,,,,,,,"NatureServe"
900591,789,,"Polar and Alpine","International Vegetation Classification",,,1,,,,,,,,,,,,,"NatureServe"
900561,790,,"Polar and Alpine","International Vegetation Classification",,,1,,,,,,,,,,,,,"NatureServe"
868582,88,,"Forests and Woodlands","International Vegetation Classification",,,1,,,,,,,,,,,,,"NatureServe"
1041074,466,,"Forests and Woodlands","International Vegetation Classification",,,1,,,,,,,,,,,,,"NatureServe"
1041069,467,,"Forests and Woodlands","International Vegetation Classification",,,1,,,,,,,,,,,,,"NatureServe"
1041064,468,,"Forests and Woodlands","International Vegetation Classification",,,1,,,,,,,,,,,,,"NatureServe"
836894,122,,"Grasslands and Shrublands","International Vegetation Classification",,,1,,,,,,,,,,,,,"NatureServe"
950176,565,,"Grasslands and Shrublands","International Vegetation Classification",,,1,,,,,,,,,,,,,"NatureServe"
901269,566,,"Grasslands and Shrublands","International Vegetation Classification",,,1,,,,,,,,,,,,,"NatureServe"
884212,243,,"Grasslands and Shrublands","International Vegetation Classification",,,1,,,,,,,,,,,,,"NatureServe"
933221,46,,"Forests and Woodlands","International Vegetation Classification",,,1,,,,,,,,,,,,,"NatureServe"
901238,362,,"Forests and Woodlands","International Vegetation Classification",,,1,,,,,,,,,,,,,"NatureServe"
1232275,99,,"Wetlands","Canadian National Vegetation Classification",,,1,,,,,,,,,,,,,"NatureServe"
884195,164,,"Wetlands","International Vegetation Classification",,,1,,,,,,,,,,,,,"NatureServe"
951742,646,,"Wetlands","International Vegetation Classification",,,1,,,,,,,,,,,,,"NatureServe"
901517,647,,"Wetlands","International Vegetation Classification",,,1,,,,,,,,,,,,,"NatureServe"
848842,199,,"Wetlands","International Vegetation Classification",,,1,,,,,,,,,,,,,"NatureServe"
1238881,753,,"Wetlands","International Vegetation Classification",,,1,,,,,,,,,,,,,"NatureServe"
1271533,754,,"Wetlands","International Vegetation Classification",,,1,,,,,,,,,,,,,"NatureServe"
901519,755,,"Wetlands","International Vegetation Classification",,,1,,,,,,,,,,,,,"NatureServe"
849094,230,,"Marine","International Vegetation Classification",,,1,,,,,,,,,,,,,"NatureServe"
1235087,843,,"Marine","International Vegetation Classification",,,1,,,,,,,,,,,,,"NatureServe"
1235093,844,,"Marine","International Vegetation Classification",,,1,,,,,,,,,,,,,"NatureServe"
884183,123,,"Grasslands and Shrublands","International Vegetation Classification",,,1,,,,,,,,,,,,,"NatureServe"
901577,567,,"Grasslands and Shrublands","International Vegetation Classification",,,1,,,,,,,,,,,,,"NatureServe"
833456,38,,"Forests and Woodlands","International Vegetation Classification",,,1,,,,,,,,,,,,,"NatureServe"
1238857,338,,"Forests and Woodlands","International Vegetation Classification",,,1,,,,,,,,,,,,,"NatureServe"
884236,165,,"Wetlands","International Vegetation Classification",,,1,,,,,,,,,,,,,"NatureServe"
1225235,648,,"Wetlands","International Vegetation Classification",,,1,,,,,,,,,,,,,"NatureServe"
1226790,649,,"Wetlands","International Vegetation Classification",,,1,,,,,,,,,,,,,"NatureServe"
1225234,650,,"Wetlands","International Vegetation Classification",,,1,,,,,,,,,,,,,"NatureServe"
1225236,651,,"Wetlands","International Vegetation Classification",,,1,,,,,,,,,,,,,"NatureServe"
1238876,652,,"Wetlands","International Vegetation Classification",,,1,,,,,,,,,,,,,"NatureServe"
874157,126,,"Grasslands and Shrublands","International Vegetation Classification",,,1,,,,,,,,,,,,,"NatureServe"
874102,571,,"Grasslands and Shrublands","International Vegetation Classification",,,1,,,,,,,,,,,,,"NatureServe"
934077,48,,"Forests and Woodlands","International Vegetation Classification",,,1,,,,,,,,,,,,,"NatureServe"
857209,166,,"Wetlands","International Vegetation Classification",,,1,,,,,,,,,,,,,"NatureServe"
1225238,653,,"Wetlands","International Vegetation Classification",,,1,,,,,,,,,,,,,"NatureServe"
1225239,654,,"Wetlands","International Vegetation Classification",,,1,,,,,,,,,,,,,"NatureServe"
934101,655,,"Wetlands","International Vegetation Classification",,,1,,,,,,,,,,,,,"NatureServe"
857276,168,,"Wetlands","International Vegetation Classification",,,1,,,,,,,,,,,,,"NatureServe"
1226722,659,,"Wetlands","International Vegetation Classification",,,1,,,,,,,,,,,,,"NatureServe"
1226741,660,,"Wetlands","International Vegetation Classification",,,1,,,,,,,,,,,,,"NatureServe"
1226754,661,,"Wetlands","International Vegetation Classification",,,1,,,,,,,,,,,,,"NatureServe"
1226709,662,,"Wetlands","International Vegetation Classification",,,1,,,,,,,,,,,,,"NatureServe"
857259,169,,"Wetlands","International Vegetation Classification",,,1,,,,,,,,,,,,,"NatureServe"
901413,663,,"Wetlands","International Vegetation Classification",,,1,,,,,,,,,,,,,"NatureServe"
901411,665,,"Wetlands","International Vegetation Classification",,,1,,,,,,,,,,,,,"NatureServe"
1225237,666,,"Wetlands","International Vegetation Classification",,,1,,,,,,,,,,,,,"NatureServe"
1235179,36,,"Forests and Woodlands","International Vegetation Classification",,,1,,,,,,,,,,,,,"NatureServe"
1235193,336,,"Forests and Woodlands","International Vegetation Classification",,,1,,,,,,,,,,,,,"NatureServe"
959399,97,,"Wetlands","Canadian National Vegetation Classification",,,1,,,,,,,,,,,,,"NatureServe"
1232160,493,,"Wetlands","International Vegetation Classification",,,1,,,,,,,,,,,,,"NatureServe"
959405,102,,"Wetlands","Canadian National Vegetation Classification",,,1,,,,,,,,,,,,,"NatureServe"
1170321,499,,"Wetlands","International Vegetation Classification",,,1,,,,,,,,,,,,,"NatureServe"
1170315,500,,"Wetlands","International Vegetation Classification",,,1,,,,,,,,,,,,,"NatureServe"
1170313,501,,"Wetlands","International Vegetation Classification",,,1,,,,,,,,,,,,,"NatureServe"
1229791,502,,"Wetlands","International Vegetation Classification",,,1,,,,,,,,,,,,,"NatureServe"
885535,219,,"Polar and Alpine","International Vegetation Classification",,,1,,,,,,,,,,,,,"NatureServe"
1041869,810,,"Polar and Alpine","International Vegetation Classification",,,1,,,,,,,,,,,,,"NatureServe"
1041875,811,,"Polar and Alpine","International Vegetation Classification",,,1,,,,,,,,,,,,,"NatureServe"
1041863,812,,"Polar and Alpine","International Vegetation Classification",,,1,,,,,,,,,,,,,"NatureServe"
1268702,813,,"Polar and Alpine","International Vegetation Classification",,,1,,,,,,,,,,,,,"NatureServe"
907565,220,,"Polar and Alpine","International Vegetation Classification",,,1,,,,,,,,,,,,,"NatureServe"
1041893,814,,"Polar and Alpine","International Vegetation Classification",,,1,,,,,,,,,,,,,"NatureServe"
1041887,815,,"Polar and Alpine","International Vegetation Classification",,,1,,,,,,,,,,,,,"NatureServe"
1041881,816,,"Polar and Alpine","International Vegetation Classification",,,1,,,,,,,,,,,,,"NatureServe"
867402,218,,"Polar and Alpine","International Vegetation Classification",,,1,,,,,,,,,,,,,"NatureServe"
1041839,806,,"Polar and Alpine","International Vegetation Classification",,,1,,,,,,,,,,,,,"NatureServe"
1041851,807,,"Polar and Alpine","International Vegetation Classification",,,1,,,,,,,,,,,,,"NatureServe"
1041845,808,,"Polar and Alpine","International Vegetation Classification",,,1,,,,,,,,,,,,,"NatureServe"
1041857,809,,"Polar and Alpine","International Vegetation Classification",,,1,,,,,,,,,,,,,"NatureServe"
1041821,221,,"Polar and Alpine","International Vegetation Classification",,,1,,,,,,,,,,,,,"NatureServe"
1041827,817,,"Polar and Alpine","International Vegetation Classification",,,1,,,,,,,,,,,,,"NatureServe"
1041833,818,,"Polar and Alpine","International Vegetation Classification",,,1,,,,,,,,,,,,,"NatureServe"
877419,135,,"Grasslands and Shrublands","International Vegetation Classification",,,1,,,,,,,,,,,,,"NatureServe"
958986,245,,"Grasslands and Shrublands","International Vegetation Classification",,,1,,,,,,,,,,,,,"NatureServe"
1235011,888,,"Grasslands and Shrublands","International Vegetation Classification",,,1,,,,,,,,,,,,,"NatureServe"
1235010,889,,"Grasslands and Shrublands","International Vegetation Classification",,,1,,,,,,,,,,,,,"NatureServe"
1235009,890,,"Grasslands and Shrublands","International Vegetation Classification",,,1,,,,,,,,,,,,,"NatureServe"
866612,133,,"Grasslands and Shrublands","International Vegetation Classification",,,1,,,,,,,,,,,,,"NatureServe"
1041105,578,,"Grasslands and Shrublands","International Vegetation Classification",,,1,,,,,,,,,,,,,"NatureServe"
1041355,579,,"Grasslands and Shrublands","International Vegetation Classification",,,1,,,,,,,,,,,,,"NatureServe"
1041350,580,,"Grasslands and Shrublands","International Vegetation Classification",,,1,,,,,,,,,,,,,"NatureServe"
1041340,581,,"Grasslands and Shrublands","International Vegetation Classification",,,1,,,,,,,,,,,,,"NatureServe"
1041345,582,,"Grasslands and Shrublands","International Vegetation Classification",,,1,,,,,,,,,,,,,"NatureServe"
866617,134,,"Grasslands and Shrublands","International Vegetation Classification",,,1,,,,,,,,,,,,,"NatureServe"
1041591,583,,"Grasslands and Shrublands","International Vegetation Classification",,,1,,,,,,,,,,,,,"NatureServe"
884189,131,,"Grasslands and Shrublands","International Vegetation Classification",,,1,,,,,,,,,,,,,"NatureServe"
1041376,574,,"Grasslands and Shrublands","International Vegetation Classification",,,1,,,,,,,,,,,,,"NatureServe"
1041371,575,,"Grasslands and Shrublands","International Vegetation Classification",,,1,,,,,,,,,,,,,"NatureServe"
866606,132,,"Grasslands and Shrublands","International Vegetation Classification",,,1,,,,,,,,,,,,,"NatureServe"
1041361,576,,"Grasslands and Shrublands","International Vegetation Classification",,,1,,,,,,,,,,,,,"NatureServe"
1041366,577,,"Grasslands and Shrublands","International Vegetation Classification",,,1,,,,,,,,,,,,,"NatureServe"
866608,128,,"Grasslands and Shrublands","International Vegetation Classification",,,1,,,,,,,,,,,,,"NatureServe"
1042759,572,,"Grasslands and Shrublands","International Vegetation Classification",,,1,,,,,,,,,,,,,"NatureServe"
1013679,573,,"Grasslands and Shrublands","International Vegetation Classification",,,1,,,,,,,,,,,,,"NatureServe"
1041732,192,,"Wetlands","International Vegetation Classification",,,1,,,,,,,,,,,,,"NatureServe"
901400,739,,"Wetlands","International Vegetation Classification",,,1,,,,,,,,,,,,,"NatureServe"
1041721,191,,"Wetlands","International Vegetation Classification",,,1,,,,,,,,,,,,,"NatureServe"
1041744,737,,"Wetlands","International Vegetation Classification",,,1,,,,,,,,,,,,,"NatureServe"
1041749,738,,"Wetlands","International Vegetation Classification",,,1,,,,,,,,,,,,,"NatureServe"
866660,190,,"Wetlands","International Vegetation Classification",,,1,,,,,,,,,,,,,"NatureServe"
1268706,731,,"Wetlands","International Vegetation Classification",,,1,,,,,,,,,,,,,"NatureServe"
1041764,732,,"Wetlands","International Vegetation Classification",,,1,,,,,,,,,,,,,"NatureServe"
901396,733,,"Wetlands","International Vegetation Classification",,,1,,,,,,,,,,,,,"NatureServe"
1041794,734,,"Wetlands","International Vegetation Classification",,,1,,,,,,,,,,,,,"NatureServe"
1041779,735,,"Wetlands","International Vegetation Classification",,,1,,,,,,,,,,,,,"NatureServe"
901398,736,,"Wetlands","International Vegetation Classification",,,1,,,,,,,,,,,,,"NatureServe"
872691,93,,"Forests and Woodlands","International Vegetation Classification",,,1,,,,,,,,,,,,,"NatureServe"
1232180,482,,"Forests and Woodlands","International Vegetation Classification",,,1,,,,,,,,,,,,,"NatureServe"
857293,170,,"Wetlands","International Vegetation Classification",,,1,,,,,,,,,,,,,"NatureServe"
1226697,668,,"Wetlands","International Vegetation Classification",,,1,,,,,,,,,,,,,"NatureServe"
1226673,669,,"Wetlands","International Vegetation Classification",,,1,,,,,,,,,,,,,"NatureServe"
951750,670,,"Wetlands","International Vegetation Classification",,,1,,,,,,,,,,,,,"NatureServe"
926811,664,,"Wetlands","International Vegetation Classification",,,1,,,,,,,,,,,,,"NatureServe"
934129,671,,"Wetlands","International Vegetation Classification",,,1,,,,,,,,,,,,,"NatureServe"
1226683,673,,"Wetlands","International Vegetation Classification",,,1,,,,,,,,,,,,,"NatureServe"
934102,674,,"Wetlands","International Vegetation Classification",,,1,,,,,,,,,,,,,"NatureServe"
866651,157,,"Wetlands","International Vegetation Classification",,,1,,,,,,,,,,,,,"NatureServe"
1041678,628,,"Wetlands","International Vegetation Classification",,,1,,,,,,,,,,,,,"NatureServe"
900975,629,,"Wetlands","International Vegetation Classification",,,1,,,,,,,,,,,,,"NatureServe"
1041656,630,,"Wetlands","International Vegetation Classification",,,1,,,,,,,,,,,,,"NatureServe"
1041667,631,,"Wetlands","International Vegetation Classification",,,1,,,,,,,,,,,,,"NatureServe"
866640,152,,"Wetlands","International Vegetation Classification",,,1,,,,,,,,,,,,,"NatureServe"
1041645,614,,"Wetlands","International Vegetation Classification",,,1,,,,,,,,,,,,,"NatureServe"
1041634,615,,"Wetlands","International Vegetation Classification",,,1,,,,,,,,,,,,,"NatureServe"
1041623,616,,"Wetlands","International Vegetation Classification",,,1,,,,,,,,,,,,,"NatureServe"
900973,617,,"Wetlands","International Vegetation Classification",,,1,,,,,,,,,,,,,"NatureServe"
884184,125,,"Grasslands and Shrublands","International Vegetation Classification",,,1,,,,,,,,,,,,,"NatureServe"
900713,570,,"Grasslands and Shrublands","International Vegetation Classification",,,1,,,,,,,,,,,,,"NatureServe"
857309,171,,"Wetlands","International Vegetation Classification",,,1,,,,,,,,,,,,,"NatureServe"
901441,675,,"Wetlands","International Vegetation Classification",,,1,,,,,,,,,,,,,"NatureServe"
901443,676,,"Wetlands","International Vegetation Classification",,,1,,,,,,,,,,,,,"NatureServe"
849108,234,,"Wetlands","International Vegetation Classification",,,1,,,,,,,,,,,,,"NatureServe"
900415,854,,"Wetlands","International Vegetation Classification",,,1,,,,,,,,,,,,,"NatureServe"
901548,855,,"Wetlands","International Vegetation Classification",,,1,,,,,,,,,,,,,"NatureServe"
901550,856,,"Wetlands","International Vegetation Classification",,,1,,,,,,,,,,,,,"NatureServe"
903146,857,,"Wetlands","International Vegetation Classification",,,1,,,,,,,,,,,,,"NatureServe"
907451,858,,"Wetlands","International Vegetation Classification",,,1,,,,,,,,,,,,,"NatureServe"
903148,859,,"Wetlands","International Vegetation Classification",,,1,,,,,,,,,,,,,"NatureServe"
900419,860,,"Wetlands","International Vegetation Classification",,,1,,,,,,,,,,,,,"NatureServe"
901553,861,,"Wetlands","International Vegetation Classification",,,1,,,,,,,,,,,,,"NatureServe"
900423,862,,"Wetlands","International Vegetation Classification",,,1,,,,,,,,,,,,,"NatureServe"
901555,863,,"Wetlands","International Vegetation Classification",,,1,,,,,,,,,,,,,"NatureServe"
901557,864,,"Wetlands","International Vegetation Classification",,,1,,,,,,,,,,,,,"NatureServe"
901545,865,,"Wetlands","International Vegetation Classification",,,1,,,,,,,,,,,,,"NatureServe"
901559,866,,"Wetlands","International Vegetation Classification",,,1,,,,,,,,,,,,,"NatureServe"
903150,867,,"Wetlands","International Vegetation Classification",,,1,,,,,,,,,,,,,"NatureServe"
884208,232,,"Marine","International Vegetation Classification",,,1,,,,,,,,,,,,,"NatureServe"
951748,846,,"Marine","International Vegetation Classification",,,1,,,,,,,,,,,,,"NatureServe"
1041559,91,,"Forests and Woodlands","International Vegetation Classification",,,1,,,,,,,,,,,,,"NatureServe"
1232178,476,,"Forests and Woodlands","International Vegetation Classification",,,1,,,,,,,,,,,,,"NatureServe"
1153553,477,,"Forests and Woodlands","International Vegetation Classification",,,1,,,,,,,,,,,,,"NatureServe"
1153555,478,,"Forests and Woodlands","International Vegetation Classification",,,1,,,,,,,,,,,,,"NatureServe"
1232176,479,,"Forests and Woodlands","International Vegetation Classification",,,1,,,,,,,,,,,,,"NatureServe"
1041538,90,,"Forests and Woodlands","International Vegetation Classification",,,1,,,,,,,,,,,,,"NatureServe"
1153549,472,,"Forests and Woodlands","International Vegetation Classification",,,1,,,,,,,,,,,,,"NatureServe"
1153551,473,,"Forests and Woodlands","International Vegetation Classification",,,1,,,,,,,,,,,,,"NatureServe"
1153547,474,,"Forests and Woodlands","International Vegetation Classification",,,1,,,,,,,,,,,,,"NatureServe"
1232174,475,,"Forests and Woodlands","International Vegetation Classification",,,1,,,,,,,,,,,,,"NatureServe"
837683,106,,,"International Vegetation Classification",,,1,,,,,,,,,,,,,"NatureServe"
857334,200,,,"International Vegetation Classification",,,1,,,,,,,,,,,,,"NatureServe"
1251812,198,,,"International Vegetation Classification",,,1,,,,,,,,,,,,,"NatureServe"
1251788,197,,,"International Vegetation Classification",,,1,,,,,,,,,,,,,"NatureServe"
877327,7,,,"International Vegetation Classification",,,1,,,,,,,,,,,,,"NatureServe"
869715,201,,,"International Vegetation Classification",,,1,,,,,,,,,,,,,"NatureServe"
901319,667,,,"International Vegetation Classification",,,1,,,,,,,,,,,,,"NatureServe"
901600,247,,,"International Vegetation Classification",,,1,,,,,,,,,,,,,"NatureServe"
938218,367,,,"International Vegetation Classification",,,1,,,,,,,,,,,,,"NatureServe"
902963,708,,,"International Vegetation Classification",,,1,,,,,,,,,,,,,"NatureServe"
934130,413,,,"International Vegetation Classification",,,1,,,,,,,,,,,,,"NatureServe"
901028,709,,,"International Vegetation Classification",,,1,,,,,,,,,,,,,"NatureServe"
900259,672,,,"International Vegetation Classification",,,1,,,,,,,,,,,,,"NatureServe"
901024,710,,,"International Vegetation Classification",,,1,,,,,,,,,,,,,"NatureServe"
901523,760,,,"International Vegetation Classification",,,1,,,,,,,,,,,,,"NatureServe"
901026,711,,,"International Vegetation Classification",,,1,,,,,,,,,,,,,"NatureServe"
